concept1,concept2,relationship
after,before,Antonym
afternoon,evening,Antonym
afternoon,lunch,Antonym
age,old,Antonym
age,young,Antonym
always,never,Antonym
animal,bird,Antonym
animal,person,Antonym
answer,ask,Antonym
arrive,leave,Antonym
arrow,bow,Antonym
ask,answer,Antonym
ask,tell,Antonym
attack,defend,Antonym
aunt,uncle,Antonym
because,why,Antonym
bed,sleep,Antonym
before,after,Antonym
before,behind,Antonym
behind,before,Antonym
beverage,food,Antonym
bird,animal,Antonym
bird,fish,Antonym
bite,chew,Antonym
black,white,Antonym
blow,breathe,Antonym
blue,green,Antonym
blue,sky,Antonym
blue,yellow,Antonym
boat,ship,Antonym
body,soul,Antonym
bone,skin,Antonym
boy,girl,Antonym
branch,twig,Antonym
breakfast,dinner,Antonym
bring,give,Antonym
bring,take,Antonym
brother,sister,Antonym
bullet,arrow,Antonym
bury,dig,Antonym
butterfly,moth,Antonym
buy,sell,Antonym
buy,steal,Antonym
calm,rough,Antonym
car,bus,Antonym
carry,drag,Antonym
carry,leave,Antonym
carry,put,Antonym
cat,dog,Antonym
chair,stool,Antonym
chair,table,Antonym
chicken,egg,Antonym
chicken,hen,Antonym
chicken,rooster,Antonym
climb,fall,Antonym
climb,go,Antonym
close,open,Antonym
cloud,rain,Antonym
cloud,sky,Antonym
coast,mainland,Antonym
coin,money,Antonym
come,go,Antonym
come,leave,Antonym
corner,edge,Antonym
cotton,silk,Antonym
cotton,wool,Antonym
country,state,Antonym
country,town,Antonym
cousin,sibling,Antonym
cow,bull,Antonym
crawl,walk,Antonym
crowd,many,Antonym
crowd,people,Antonym
cut,put,Antonym
cut,sew,Antonym
dance,sing,Antonym
daughter,boy,Antonym
daughter,son,Antonym
day,night,Antonym
debt,lend,Antonym
defeat,victory,Antonym
dinner,breakfast,Antonym
do,leave,Antonym
dog,cat,Antonym
door,road,Antonym
door,window,Antonym
dress,skirt,Antonym
drink,eat,Antonym
drive,ride,Antonym
drive,walk,Antonym
drop,pour,Antonym
drop,throw,Antonym
duck,goose,Antonym
earth,space,Antonym
eat,drink,Antonym
eat,swallow,Antonym
eat,throw,Antonym
edge,corner,Antonym
egg,chicken,Antonym
elbow,knee,Antonym
enter,go,Antonym
enter,leave,Antonym
evening,afternoon,Antonym
evening,night,Antonym
eye,ear,Antonym
eye,mouth,Antonym
eye,you,Antonym
face,mouth,Antonym
fall,climb,Antonym
fall,stand,Antonym
feel,think,Antonym
field,forest,Antonym
finger,thumb,Antonym
finger,toe,Antonym
fish,bird,Antonym
five,four,Antonym
fly,bee,Antonym
fog,sky,Antonym
get,give,Antonym
get,take,Antonym
girl,boy,Antonym
give,get,Antonym
give,take,Antonym
glass,cup,Antonym
go,come,Antonym
gold,silver,Antonym
ground,water,Antonym
harvest,plant,Antonym
he,she,Antonym
hear,see,Antonym
hear,speak,Antonym
heavy,weight,Antonym
hill,mountain,Antonym
horse,donkey,Antonym
horse,mule,Antonym
how,why,Antonym
husband,wife,Antonym
join,split,Antonym
kill,give,Antonym
king,queen,Antonym
know,understand,Antonym
lake,ocean,Antonym
lake,sea,Antonym
leaf,branch,Antonym
leaf,flower,Antonym
learn,teach,Antonym
leave,arrive,Antonym
leave,come,Antonym
leave,enter,Antonym
leave,remain,Antonym
left,right,Antonym
lift,put,Antonym
lightning,thunder,Antonym
listen,hear,Antonym
lunch,dinner,Antonym
man,boy,Antonym
man,husband,Antonym
man,people,Antonym
man,person,Antonym
medicine,poison,Antonym
moon,sun,Antonym
morning,night,Antonym
mountain,hill,Antonym
much,very,Antonym
need,want,Antonym
nephew,niece,Antonym
never,always,Antonym
night,day,Antonym
night,morning,Antonym
no,yes,Antonym
noise,tone,Antonym
north,south,Antonym
nose,mouth,Antonym
nose,smell,Antonym
not,and,Antonym
one,two,Antonym
onion,garlic,Antonym
or,and,Antonym
oven,stove,Antonym
owe,have,Antonym
own,have,Antonym
paint,brush,Antonym
pan,pot,Antonym
pay,lend,Antonym
pay,sell,Antonym
people,person,Antonym
person,animal,Antonym
person,people,Antonym
person,thing,Antonym
physician,nurse,Antonym
place,time,Antonym
plant,tree,Antonym
plate,bowl,Antonym
plate,cup,Antonym
poison,medicine,Antonym
pupil,teacher,Antonym
queen,king,Antonym
rabbit,turtle,Antonym
rain,sun,Antonym
read,speak,Antonym
remain,leave,Antonym
ride,drive,Antonym
ride,walk,Antonym
right,left,Antonym
river,creek,Antonym
river,lake,Antonym
river,sea,Antonym
river,stream,Antonym
rub,scratch,Antonym
run,walk,Antonym
sand,water,Antonym
saucer,cup,Antonym
sea,lake,Antonym
sea,ocean,Antonym
sell,buy,Antonym
she,he,Antonym
sheep,goat,Antonym
sheep,lamb,Antonym
sheep,ram,Antonym
show,tell,Antonym
side,back,Antonym
side,top,Antonym
silk,cotton,Antonym
silver,gold,Antonym
sister,brother,Antonym
sit,stand,Antonym
smell,hear,Antonym
smell,taste,Antonym
smoke,fire,Antonym
sneeze,cough,Antonym
sneeze,yawn,Antonym
son,daughter,Antonym
song,dance,Antonym
soul,body,Antonym
sour,sweet,Antonym
south,north,Antonym
space,earth,Antonym
space,ground,Antonym
split,join,Antonym
spoon,fork,Antonym
stand,sit,Antonym
stick,twig,Antonym
stretch,squeeze,Antonym
summer,winter,Antonym
sun,moon,Antonym
sweet,sour,Antonym
swim,walk,Antonym
table,chair,Antonym
take,give,Antonym
taste,smell,Antonym
think,feel,Antonym
three,third,Antonym
thunder,lightning,Antonym
time,month,Antonym
time,year,Antonym
toad,frog,Antonym
toe,finger,Antonym
touch,feel,Antonym
turn,go,Antonym
turn,twist,Antonym
twist,bend,Antonym
uncle,aunt,Antonym
walk,ride,Antonym
walk,rub,Antonym
walk,run,Antonym
walk,sit,Antonym
want,need,Antonym
wash,rinse,Antonym
white,black,Antonym
why,because,Antonym
why,how,Antonym
wife,husband,Antonym
wind,air,Antonym
wind,fire,Antonym
window,door,Antonym
wine,beer,Antonym
winter,summer,Antonym
woman,person,Antonym
wood,fire,Antonym
wool,cotton,Antonym
work,do,Antonym
yes,no,Antonym
air,sky,AtLocation
alcohol,beer,AtLocation
alcohol,wine,AtLocation
arm,chair,AtLocation
arm,house,AtLocation
battle,war,AtLocation
bay,lake,AtLocation
beam,bridge,AtLocation
bird,tree,AtLocation
bone,fish,AtLocation
boundary,country,AtLocation
bowl,table,AtLocation
brain,skull,AtLocation
chest,body,AtLocation
child,family,AtLocation
cloth,clothes,AtLocation
cloud,sky,AtLocation
corpse,grave,AtLocation
country,forest,AtLocation
country,world,AtLocation
cow,cattle,AtLocation
dish,table,AtLocation
dust,floor,AtLocation
earring,ear,AtLocation
earth,ground,AtLocation
earth,space,AtLocation
eat,dinner,AtLocation
egg,chicken,AtLocation
enemy,war,AtLocation
eye,face,AtLocation
family,house,AtLocation
feather,bird,AtLocation
field,country,AtLocation
finger,hand,AtLocation
finger,ring,AtLocation
fingernail,finger,AtLocation
fire,fireplace,AtLocation
fish,river,AtLocation
food,stomach,AtLocation
foot,shoe,AtLocation
forest,country,AtLocation
fruit,tree,AtLocation
garden,fence,AtLocation
garden,ground,AtLocation
garden,yard,AtLocation
glass,window,AtLocation
god,heaven,AtLocation
grape,garden,AtLocation
grape,wine,AtLocation
grass,field,AtLocation
hair,head,AtLocation
hair,skin,AtLocation
hair,soup,AtLocation
heart,chest,AtLocation
honey,beehive,AtLocation
house,village,AtLocation
ice,glass,AtLocation
land,country,AtLocation
land,earth,AtLocation
leaf,tree,AtLocation
letter,mail,AtLocation
lip,mouth,AtLocation
market,town,AtLocation
meal,dinner,AtLocation
meat,animal,AtLocation
meat,food,AtLocation
mouth,nose,AtLocation
muscle,leg,AtLocation
neck,shoulder,AtLocation
news,newspaper,AtLocation
nose,face,AtLocation
ocean,lake,AtLocation
oven,stove,AtLocation
people,town,AtLocation
place,area,AtLocation
plant,pot,AtLocation
plate,table,AtLocation
president,government,AtLocation
rain,weather,AtLocation
rapids,waterfall,AtLocation
ring,finger,AtLocation
river,valley,AtLocation
river,waterfall,AtLocation
rock,mountain,AtLocation
root,tree,AtLocation
saliva,mouth,AtLocation
sand,earth,AtLocation
sea,ocean,AtLocation
shoe,foot,AtLocation
sibling,family,AtLocation
skin,body,AtLocation
sky,air,AtLocation
sky,day,AtLocation
soul,body,AtLocation
spoon,bowl,AtLocation
state,country,AtLocation
stick,tree,AtLocation
thatch,roof,AtLocation
toe,foot,AtLocation
tongue,mouth,AtLocation
tooth,mouth,AtLocation
town,country,AtLocation
town,state,AtLocation
tree,town,AtLocation
turtle,water,AtLocation
village,world,AtLocation
voice,mouth,AtLocation
voice,song,AtLocation
wall,room,AtLocation
water,drink,AtLocation
water,drip,AtLocation
water,juice,AtLocation
water,lake,AtLocation
water,rain,AtLocation
water,river,AtLocation
water,soup,AtLocation
water,spit,AtLocation
water,stream,AtLocation
wet,water,AtLocation
wheat,field,AtLocation
wind,field,AtLocation
wood,fire,AtLocation
wood,tree,AtLocation
wool,sheep,AtLocation
word,book,AtLocation
worker,work,AtLocation
yard,house,AtLocation
yard,outside,AtLocation
yolk,egg,AtLocation
bee,fly,CapableOf
chimney,smoke,CapableOf
dog,bite,CapableOf
door,open,CapableOf
ear,hear,CapableOf
fire,burn,CapableOf
fire,heat,CapableOf
mosquito,fly,CapableOf
oven,bake,CapableOf
people,sing,CapableOf
person,shave,CapableOf
plant,grow,CapableOf
rope,tie,CapableOf
shit,faeces,CapableOf
thief,steal,CapableOf
time,age,CapableOf
water,wet,CapableOf
famine,hunger,Causes
fire,heat,Causes
fire,smoke,Causes
lightning,thunder,Causes
match,fire,Causes
sun,light,Causes
chair,sit,CausesDesire
cold,spit,CausesDesire
food,eat,CausesDesire
love,kiss,CausesDesire
music,sing,CausesDesire
song,sing,CausesDesire
egg,chicken,CreatedBy
fruit,plant,CreatedBy
heat,fire,CreatedBy
mind,thought,CreatedBy
penis,vagina,CreatedBy
smoke,fire,CreatedBy
earth,world,DefinedAs
world,earth,DefinedAs
alone,one,DerivedFrom
answer,swear,DerivedFrom
anthill,hill,DerivedFrom
backward,back,DerivedFrom
barking,bark,DerivedFrom
become,come,DerivedFrom
beehive,bee,DerivedFrom
beget,get,DerivedFrom
beside,side,DerivedFrom
campfire,fire,DerivedFrom
cloudy,cloud,DerivedFrom
crossbow,bow,DerivedFrom
darkness,dark,DerivedFrom
dirty,dirt,DerivedFrom
doorpost,post,DerivedFrom
earring,ear,DerivedFrom
eyebrow,eye,DerivedFrom
fingernail,finger,DerivedFrom
fingernail,nail,DerivedFrom
fireplace,fire,DerivedFrom
firewood,fire,DerivedFrom
firewood,wood,DerivedFrom
fishing,fish,DerivedFrom
footprint,foot,DerivedFrom
forehead,head,DerivedFrom
freeman,man,DerivedFrom
happiness,happy,DerivedFrom
hoarfrost,frost,DerivedFrom
kneel,knee,DerivedFrom
length,long,DerivedFrom
magician,magic,DerivedFrom
mainland,land,DerivedFrom
midday,day,DerivedFrom
newspaper,news,DerivedFrom
newspaper,paper,DerivedFrom
nostril,nose,DerivedFrom
only,one,DerivedFrom
pitchfork,fork,DerivedFrom
powerful,power,DerivedFrom
prisoner,prison,DerivedFrom
rainbow,bow,DerivedFrom
ripen,ripe,DerivedFrom
sailcloth,cloth,DerivedFrom
sailcloth,sail,DerivedFrom
salty,salt,DerivedFrom
sandfly,fly,DerivedFrom
sharpen,sharp,DerivedFrom
slowly,slow,DerivedFrom
starfish,star,DerivedFrom
stepdaughter,daughter,DerivedFrom
stepfather,father,DerivedFrom
stepmother,mother,DerivedFrom
stepson,son,DerivedFrom
truth,true,DerivedFrom
twenty,two,DerivedFrom
which,who,DerivedFrom
cat,eat,Desires
dog,eat,Desires
fish,food,Desires
person,strength,Desires
person,sweet,Desires
turtle,water,Desires
after,before,DistinctFrom
afternoon,evening,DistinctFrom
afternoon,night,DistinctFrom
age,young,DistinctFrom
always,never,DistinctFrom
and,if,DistinctFrom
and,or,DistinctFrom
animal,bird,DistinctFrom
animal,person,DistinctFrom
arrive,leave,DistinctFrom
attack,defend,DistinctFrom
aunt,uncle,DistinctFrom
before,after,DistinctFrom
behind,before,DistinctFrom
bird,animal,DistinctFrom
black,white,DistinctFrom
blood,water,DistinctFrom
blue,green,DistinctFrom
blue,purple,DistinctFrom
blue,yellow,DistinctFrom
boat,raft,DistinctFrom
boat,ship,DistinctFrom
body,soul,DistinctFrom
bone,blood,DistinctFrom
boy,girl,DistinctFrom
branch,leaf,DistinctFrom
branch,twig,DistinctFrom
bring,take,DistinctFrom
brother,sister,DistinctFrom
buy,sell,DistinctFrom
buy,steal,DistinctFrom
car,bus,DistinctFrom
cat,dog,DistinctFrom
chair,table,DistinctFrom
chicken,hen,DistinctFrom
chicken,rooster,DistinctFrom
child,baby,DistinctFrom
circle,ball,DistinctFrom
close,open,DistinctFrom
come,go,DistinctFrom
corner,edge,DistinctFrom
cotton,wool,DistinctFrom
country,state,DistinctFrom
country,town,DistinctFrom
cow,bull,DistinctFrom
cup,saucer,DistinctFrom
daughter,son,DistinctFrom
day,night,DistinctFrom
defeat,victory,DistinctFrom
difficult,hard,DistinctFrom
dog,cat,DistinctFrom
door,window,DistinctFrom
dress,skirt,DistinctFrom
drink,eat,DistinctFrom
drive,walk,DistinctFrom
drop,throw,DistinctFrom
duck,goose,DistinctFrom
ear,eye,DistinctFrom
east,south,DistinctFrom
eat,drink,DistinctFrom
edge,corner,DistinctFrom
egg,chicken,DistinctFrom
eight,nine,DistinctFrom
enter,leave,DistinctFrom
evening,afternoon,DistinctFrom
evening,night,DistinctFrom
eye,ear,DistinctFrom
fever,cold,DistinctFrom
finger,thumb,DistinctFrom
finger,toe,DistinctFrom
fish,meat,DistinctFrom
five,four,DistinctFrom
flower,plant,DistinctFrom
fork,spoon,DistinctFrom
friend,family,DistinctFrom
fruit,vegetables,DistinctFrom
girl,boy,DistinctFrom
girl,woman,DistinctFrom
give,take,DistinctFrom
glass,cup,DistinctFrom
gold,silver,DistinctFrom
green,blue,DistinctFrom
green,yellow,DistinctFrom
ground,floor,DistinctFrom
he,it,DistinctFrom
he,she,DistinctFrom
hear,listen,DistinctFrom
hear,see,DistinctFrom
hear,smell,DistinctFrom
hill,mountain,DistinctFrom
how,what,DistinctFrom
how,where,DistinctFrom
how,why,DistinctFrom
husband,wife,DistinctFrom
i,me,DistinctFrom
if,when,DistinctFrom
iron,steel,DistinctFrom
it,he,DistinctFrom
it,he,DistinctFrom
it,she,DistinctFrom
king,queen,DistinctFrom
know,right,DistinctFrom
lake,ocean,DistinctFrom
lake,pond,DistinctFrom
lake,river,DistinctFrom
lake,sea,DistinctFrom
learn,teach,DistinctFrom
leave,arrive,DistinctFrom
leave,come,DistinctFrom
left,right,DistinctFrom
leg,toe,DistinctFrom
lightning,thunder,DistinctFrom
like,love,DistinctFrom
man,boy,DistinctFrom
mind,brain,DistinctFrom
moon,sun,DistinctFrom
morning,day,DistinctFrom
morning,night,DistinctFrom
my,our,DistinctFrom
my,their,DistinctFrom
my,your,DistinctFrom
need,want,DistinctFrom
nephew,niece,DistinctFrom
never,always,DistinctFrom
night,day,DistinctFrom
night,morning,DistinctFrom
nine,eight,DistinctFrom
no,yes,DistinctFrom
north,south,DistinctFrom
north,west,DistinctFrom
nose,mouth,DistinctFrom
not,and,DistinctFrom
ocean,sea,DistinctFrom
one,two,DistinctFrom
or,and,DistinctFrom
or,and,DistinctFrom
other,one,DistinctFrom
pass,go,DistinctFrom
person,animal,DistinctFrom
person,man,DistinctFrom
person,thing,DistinctFrom
place,thing,DistinctFrom
plant,flower,DistinctFrom
plate,bowl,DistinctFrom
plate,cup,DistinctFrom
plate,saucer,DistinctFrom
queen,king,DistinctFrom
rain,sun,DistinctFrom
remain,leave,DistinctFrom
ride,drive,DistinctFrom
ride,walk,DistinctFrom
right,left,DistinctFrom
river,lake,DistinctFrom
river,ocean,DistinctFrom
river,stream,DistinctFrom
road,street,DistinctFrom
rock,stone,DistinctFrom
rub,scratch,DistinctFrom
run,walk,DistinctFrom
sea,lake,DistinctFrom
sea,ocean,DistinctFrom
second,third,DistinctFrom
sell,buy,DistinctFrom
servant,slave,DistinctFrom
she,he,DistinctFrom
she,it,DistinctFrom
sheep,goat,DistinctFrom
sheep,lamb,DistinctFrom
side,back,DistinctFrom
side,top,DistinctFrom
silk,cotton,DistinctFrom
silver,gold,DistinctFrom
sister,brother,DistinctFrom
sit,stand,DistinctFrom
size,weight,DistinctFrom
slope,steep,DistinctFrom
smell,hear,DistinctFrom
smell,see,DistinctFrom
smell,taste,DistinctFrom
smile,laugh,DistinctFrom
smoke,fire,DistinctFrom
sneeze,cough,DistinctFrom
snow,ice,DistinctFrom
son,daughter,DistinctFrom
sour,sweet,DistinctFrom
south,north,DistinctFrom
space,earth,DistinctFrom
stand,sit,DistinctFrom
steam,smoke,DistinctFrom
steel,iron,DistinctFrom
stone,rock,DistinctFrom
stove,oven,DistinctFrom
street,road,DistinctFrom
summer,winter,DistinctFrom
sun,moon,DistinctFrom
sweet,sour,DistinctFrom
table,chair,DistinctFrom
take,give,DistinctFrom
taste,hear,DistinctFrom
taste,smell,DistinctFrom
taste,touch,DistinctFrom
they,he,DistinctFrom
they,it,DistinctFrom
they,we,DistinctFrom
they,she,DistinctFrom
they,you,DistinctFrom
thumb,finger,DistinctFrom
thunder,lightning,DistinctFrom
touch,taste,DistinctFrom
two,one,DistinctFrom
uncle,aunt,DistinctFrom
walk,run,DistinctFrom
want,need,DistinctFrom
we,they,DistinctFrom
we,you,DistinctFrom
what,where,DistinctFrom
where,who,DistinctFrom
white,black,DistinctFrom
why,how,DistinctFrom
wife,husband,DistinctFrom
window,door,DistinctFrom
wine,beer,DistinctFrom
winter,summer,DistinctFrom
woman,girl,DistinctFrom
wool,cotton,DistinctFrom
yellow,blue,DistinctFrom
yellow,red,DistinctFrom
ask,ask,EtymologicallyDerivedFrom
alone,one,EtymologicallyRelatedTo
already,all,EtymologicallyRelatedTo
always,all,EtymologicallyRelatedTo
arrive,land,EtymologicallyRelatedTo
ask,ask,EtymologicallyRelatedTo
beeswax,bee,EtymologicallyRelatedTo
beginning,begin,EtymologicallyRelatedTo
book,beech,EtymologicallyRelatedTo
breathe,breath,EtymologicallyRelatedTo
cast,throw,EtymologicallyRelatedTo
cause,because,EtymologicallyRelatedTo
chair,stool,EtymologicallyRelatedTo
chieftain,head,EtymologicallyRelatedTo
crayfish,fish,EtymologicallyRelatedTo
cry,regret,EtymologicallyRelatedTo
death,die,EtymologicallyRelatedTo
die,do,EtymologicallyRelatedTo
drive,drive,EtymologicallyRelatedTo
drive,drive,EtymologicallyRelatedTo
edge,egg,EtymologicallyRelatedTo
edge,egg,EtymologicallyRelatedTo
fast,hard,EtymologicallyRelatedTo
fat,fat,EtymologicallyRelatedTo
female,woman,EtymologicallyRelatedTo
few,poor,EtymologicallyRelatedTo
follow,full,EtymologicallyRelatedTo
four,fire,EtymologicallyRelatedTo
frost,freeze,EtymologicallyRelatedTo
full,fill,EtymologicallyRelatedTo
garden,yard,EtymologicallyRelatedTo
god,good,EtymologicallyRelatedTo
good,god,EtymologicallyRelatedTo
good,god,EtymologicallyRelatedTo
how,who,EtymologicallyRelatedTo
how,why,EtymologicallyRelatedTo
i,in,EtymologicallyRelatedTo
in,i,EtymologicallyRelatedTo
in,i,EtymologicallyRelatedTo
in,i,EtymologicallyRelatedTo
it,he,EtymologicallyRelatedTo
kid,child,EtymologicallyRelatedTo
land,land,EtymologicallyRelatedTo
land,land,EtymologicallyRelatedTo
land,land,EtymologicallyRelatedTo
land,land,EtymologicallyRelatedTo
last,last,EtymologicallyRelatedTo
last,last,EtymologicallyRelatedTo
last,last,EtymologicallyRelatedTo
laughter,laugh,EtymologicallyRelatedTo
lead,lead,EtymologicallyRelatedTo
leaf,leaf,EtymologicallyRelatedTo
left,leave,EtymologicallyRelatedTo
lung,light,EtymologicallyRelatedTo
month,moon,EtymologicallyRelatedTo
moon,month,EtymologicallyRelatedTo
my,me,EtymologicallyRelatedTo
narrow,near,EtymologicallyRelatedTo
new,now,EtymologicallyRelatedTo
noose,knot,EtymologicallyRelatedTo
not,no,EtymologicallyRelatedTo
now,no,EtymologicallyRelatedTo
now,no,EtymologicallyRelatedTo
open,open,EtymologicallyRelatedTo
open,open,EtymologicallyRelatedTo
oppress,press,EtymologicallyRelatedTo
paddle,spade,EtymologicallyRelatedTo
padlock,lock,EtymologicallyRelatedTo
pen,feather,EtymologicallyRelatedTo
praise,love,EtymologicallyRelatedTo
promise,admit,EtymologicallyRelatedTo
ring,ring,EtymologicallyRelatedTo
ring,ring,EtymologicallyRelatedTo
ring,ring,EtymologicallyRelatedTo
ring,ring,EtymologicallyRelatedTo
scale,shell,EtymologicallyRelatedTo
sea,see,EtymologicallyRelatedTo
sea,see,EtymologicallyRelatedTo
she,he,EtymologicallyRelatedTo
shirt,skirt,EtymologicallyRelatedTo
skin,hide,EtymologicallyRelatedTo
smoke,smoke,EtymologicallyRelatedTo
song,sing,EtymologicallyRelatedTo
spear,spear,EtymologicallyRelatedTo
speech,speak,EtymologicallyRelatedTo
they,that,EtymologicallyRelatedTo
they,this,EtymologicallyRelatedTo
tide,time,EtymologicallyRelatedTo
time,tide,EtymologicallyRelatedTo
today,day,EtymologicallyRelatedTo
trap,trap,EtymologicallyRelatedTo
turtle,tortoise,EtymologicallyRelatedTo
we,we,EtymologicallyRelatedTo
weak,week,EtymologicallyRelatedTo
week,weak,EtymologicallyRelatedTo
wet,water,EtymologicallyRelatedTo
wheat,white,EtymologicallyRelatedTo
where,who,EtymologicallyRelatedTo
who,how,EtymologicallyRelatedTo
wing,feather,EtymologicallyRelatedTo
wing,wind,EtymologicallyRelatedTo
you,your,EtymologicallyRelatedTo
cause,because,FormOf
me,my,FormOf
people,person,FormOf
animal,meat,HasA
arm,hand,HasA
beer,alcohol,HasA
blood,water,HasA
cigarette,tobacco,HasA
face,nose,HasA
family,descendants,HasA
fireplace,chimney,HasA
fruit,sugar,HasA
grass,cut,HasA
head,brain,HasA
house,roof,HasA
house,yard,HasA
lake,water,HasA
leg,foot,HasA
meat,fat,HasA
people,parents,HasA
people,person,HasA
person,name,HasA
river,water,HasA
sea,salt,HasA
sheep,wool,HasA
steel,iron,HasA
wine,alcohol,HasA
dive,jump,HasFirstSubevent
dream,sleep,HasFirstSubevent
drink,swallow,HasFirstSubevent
drive,walk,HasFirstSubevent
study,read,HasFirstSubevent
buy,pay,HasLastSubevent
cook,stir,HasLastSubevent
die,die,HasLastSubevent
dive,swim,HasLastSubevent
drink,swallow,HasLastSubevent
eat,chew,HasLastSubevent
eat,swallow,HasLastSubevent
fall,land,HasLastSubevent
itch,scratch,HasLastSubevent
learn,know,HasLastSubevent
listen,understand,HasLastSubevent
buy,pay,HasPrerequisite
dive,jump,HasPrerequisite
dream,sleep,HasPrerequisite
drink,swallow,HasPrerequisite
eat,swallow,HasPrerequisite
fall,slip,HasPrerequisite
fire,heat,HasPrerequisite
get,buy,HasPrerequisite
get,give,HasPrerequisite
get,steal,HasPrerequisite
hear,listen,HasPrerequisite
heart,blood,HasPrerequisite
kill,murder,HasPrerequisite
kill,shoot,HasPrerequisite
kiss,embrace,HasPrerequisite
kiss,love,HasPrerequisite
learn,read,HasPrerequisite
learn,study,HasPrerequisite
lie,speak,HasPrerequisite
painting,paint,HasPrerequisite
remember,awake,HasPrerequisite
remember,know,HasPrerequisite
run,walk,HasPrerequisite
see,look,HasPrerequisite
think,study,HasPrerequisite
think,think,HasPrerequisite
understand,think,HasPrerequisite
wind,air,HasPrerequisite
ball,round,HasProperty
banana,yellow,HasProperty
circle,round,HasProperty
courtyard,outside,HasProperty
day,light,HasProperty
die,bad,HasProperty
egg,round,HasProperty
egg,white,HasProperty
evil,bad,HasProperty
fire,hot,HasProperty
floor,flat,HasProperty
fruit,sour,HasProperty
glass,green,HasProperty
green,yellow,HasProperty
heat,warm,HasProperty
ice,cold,HasProperty
night,black,HasProperty
pain,painful,HasProperty
people,good,HasProperty
person,one,HasProperty
rain,water,HasProperty
short,small,HasProperty
sky,blue,HasProperty
sky,up,HasProperty
small,narrow,HasProperty
sword,sharp,HasProperty
tall,high,HasProperty
truth,correct,HasProperty
winter,cold,HasProperty
yolk,yellow,HasProperty
buy,pay,HasSubevent
climb,fall,HasSubevent
dive,jump,HasSubevent
dream,sleep,HasSubevent
eat,chew,HasSubevent
eat,swallow,HasSubevent
fall,land,HasSubevent
jump,fall,HasSubevent
kill,laugh,HasSubevent
kill,murder,HasSubevent
kill,shoot,HasSubevent
kiss,embrace,HasSubevent
laugh,smile,HasSubevent
learn,study,HasSubevent
listen,hear,HasSubevent
love,kiss,HasSubevent
play,laugh,HasSubevent
read,learn,HasSubevent
sleep,dream,HasSubevent
smoke,fire,HasSubevent
speak,talk,HasSubevent
study,learn,HasSubevent
study,read,HasSubevent
walk,move,HasSubevent
ant,insect,IsA
area,place,IsA
bed,place,IsA
beer,alcohol,IsA
beer,beverage,IsA
bird,eagle,IsA
boot,shoe,IsA
breakfast,meal,IsA
bus,car,IsA
calf,cow,IsA
candy,sweet,IsA
car,machine,IsA
car,vehicle,IsA
chair,place,IsA
chair,stool,IsA
child,person,IsA
coast,edge,IsA
country,area,IsA
deer,animal,IsA
dinner,meal,IsA
dish,plate,IsA
dolphin,fish,IsA
eagle,bird,IsA
family,people,IsA
flame,fire,IsA
fly,insect,IsA
foal,horse,IsA
game,play,IsA
ghost,spirit,IsA
god,spirit,IsA
grandmother,female,IsA
grass,plant,IsA
hen,chicken,IsA
heron,bird,IsA
home,house,IsA
house,home,IsA
house,place,IsA
insect,animal,IsA
island,land,IsA
kid,goat,IsA
lasso,rope,IsA
lightning,electricity,IsA
lunch,meal,IsA
man,person,IsA
meat,flesh,IsA
mirror,glass,IsA
murder,crime,IsA
nostril,hole,IsA
nut,seed,IsA
oak,tree,IsA
paddle,oar,IsA
padlock,lock,IsA
people,parents,IsA
piglet,pig,IsA
plate,dish,IsA
pumpkin,gourd,IsA
rain,water,IsA
rain,weather,IsA
red,color,IsA
rice,grain,IsA
rock,stone,IsA
room,place,IsA
rooster,chicken,IsA
rug,mat,IsA
saucer,dish,IsA
shirt,clothes,IsA
skirt,dress,IsA
song,music,IsA
space,area,IsA
spirit,ghost,IsA
star,sun,IsA
sun,star,IsA
thumb,finger,IsA
town,place,IsA
tree,plant,IsA
tree,wood,IsA
vegetables,food,IsA
village,town,IsA
vine,plant,IsA
wasp,insect,IsA
water,beverage,IsA
we,all,IsA
we,small,IsA
wheat,grain,IsA
wind,weather,IsA
wine,beverage,IsA
wolf,animal,IsA
woman,person,IsA
chair,table,LocatedNear
heat,fire,LocatedNear
leaf,tree,LocatedNear
saliva,mouth,LocatedNear
shoe,foot,LocatedNear
board,wood,MadeOf
book,paper,MadeOf
bread,dough,MadeOf
brick,clay,MadeOf
crowd,people,MadeOf
family,relatives,MadeOf
letter,paper,MadeOf
money,paper,MadeOf
pot,clay,MadeOf
rain,water,MadeOf
sausage,meat,MadeOf
sea,water,MadeOf
song,music,MadeOf
soup,water,MadeOf
steel,iron,MadeOf
stick,wood,MadeOf
tree,wood,MadeOf
wind,air,MadeOf
window,glass,MadeOf
wood,tree,MadeOf
die,sick,MotivatedByGoal
dive,swim,MotivatedByGoal
dream,sleep,MotivatedByGoal
eat,food,MotivatedByGoal
get,have,MotivatedByGoal
kill,die,MotivatedByGoal
learn,know,MotivatedByGoal
listen,hear,MotivatedByGoal
look,see,MotivatedByGoal
read,learn,MotivatedByGoal
scratch,itch,MotivatedByGoal
sleep,dream,MotivatedByGoal
study,learn,MotivatedByGoal
talk,say,MotivatedByGoal
think,remember,MotivatedByGoal
yawn,tired,MotivatedByGoal
person,drink,NotDesires
person,rich,NotDesires
person,thing,NotDesires
plant,die,NotDesires
black,white,NotHasProperty
fire,hot,NotHasProperty
similar,same,NotHasProperty
snake,insect,NotHasProperty
bark,tree,PartOf
battle,war,PartOf
child,family,PartOf
clitoris,vagina,PartOf
earlobe,ear,PartOf
elbow,arm,PartOf
eye,face,PartOf
eye,head,PartOf
eyelash,eyelid,PartOf
finger,hand,PartOf
fingernail,hand,PartOf
glass,window,PartOf
grape,wine,PartOf
hair,head,PartOf
hand,arm,PartOf
jaw,mouth,PartOf
land,earth,PartOf
leaf,tree,PartOf
letter,word,PartOf
music,song,PartOf
news,newspaper,PartOf
nose,body,PartOf
nose,head,PartOf
nostril,nose,PartOf
penis,body,PartOf
penis,male,PartOf
rain,weather,PartOf
roof,house,PartOf
root,plant,PartOf
season,year,PartOf
shin,leg,PartOf
skin,body,PartOf
soldier,army,PartOf
sole,foot,PartOf
soup,meal,PartOf
spine,back,PartOf
throat,neck,PartOf
tobacco,cigarette,PartOf
toe,foot,PartOf
tongue,mouth,PartOf
tooth,mouth,PartOf
tree,forest,PartOf
water,sea,PartOf
wheel,bicycle,PartOf
word,language,PartOf
cloth,cut,ReceivesAction
help,good,ReceivesAction
iron,cast,ReceivesAction
above,high,RelatedTo
above,sky,RelatedTo
above,top,RelatedTo
ache,pain,RelatedTo
admit,permit,RelatedTo
admit,say,RelatedTo
admit,tell,RelatedTo
after,before,RelatedTo
after,behind,RelatedTo
afternoon,day,RelatedTo
afternoon,evening,RelatedTo
afternoon,night,RelatedTo
afternoon,sun,RelatedTo
again,back,RelatedTo
again,now,RelatedTo
age,life,RelatedTo
age,old,RelatedTo
age,time,RelatedTo
age,year,RelatedTo
age,young,RelatedTo
air,breath,RelatedTo
air,sky,RelatedTo
air,wind,RelatedTo
alcohol,beer,RelatedTo
alcohol,beverage,RelatedTo
alcohol,wine,RelatedTo
all,already,RelatedTo
all,always,RelatedTo
all,many,RelatedTo
already,all,RelatedTo
already,before,RelatedTo
always,all,RelatedTo
always,never,RelatedTo
always,often,RelatedTo
amount,size,RelatedTo
anchor,hook,RelatedTo
and,come,RelatedTo
and,if,RelatedTo
and,not,RelatedTo
and,or,RelatedTo
anger,bad,RelatedTo
animal,bird,RelatedTo
animal,deer,RelatedTo
animal,thing,RelatedTo
ankle,elbow,RelatedTo
ankle,foot,RelatedTo
ankle,heel,RelatedTo
ankle,knee,RelatedTo
answer,ask,RelatedTo
answer,swear,RelatedTo
ant,insect,RelatedTo
anxiety,fear,RelatedTo
area,place,RelatedTo
area,space,RelatedTo
arm,elbow,RelatedTo
arm,five,RelatedTo
arm,hand,RelatedTo
arm,shoulder,RelatedTo
arm,sleeve,RelatedTo
arm,wrist,RelatedTo
armour,shield,RelatedTo
army,battle,RelatedTo
army,soldier,RelatedTo
arrive,come,RelatedTo
arrive,enter,RelatedTo
arrow,bow,RelatedTo
arrow,spear,RelatedTo
ash,charcoal,RelatedTo
ash,dust,RelatedTo
ash,fire,RelatedTo
ask,answer,RelatedTo
ask,beg,RelatedTo
ask,say,RelatedTo
at,in,RelatedTo
at,in,RelatedTo
at,place,RelatedTo
at,that,RelatedTo
at,there,RelatedTo
at,where,RelatedTo
attack,ambush,RelatedTo
attack,battle,RelatedTo
attack,defend,RelatedTo
attack,fight,RelatedTo
aunt,sister,RelatedTo
aunt,uncle,RelatedTo
autumn,summer,RelatedTo
autumn,winter,RelatedTo
baby,boy,RelatedTo
baby,child,RelatedTo
baby,small,RelatedTo
baby,young,RelatedTo
back,again,RelatedTo
back,backward,RelatedTo
back,behind,RelatedTo
back,shoulder,RelatedTo
back,side,RelatedTo
back,spine,RelatedTo
back,two,RelatedTo
bad,evil,RelatedTo
bad,rotten,RelatedTo
bad,ugly,RelatedTo
bad,wrong,RelatedTo
bag,sack,RelatedTo
ball,circle,RelatedTo
ball,round,RelatedTo
ball,testicles,RelatedTo
banana,yellow,RelatedTo
bark,skin,RelatedTo
bark,tree,RelatedTo
battle,army,RelatedTo
battle,fight,RelatedTo
battle,war,RelatedTo
be,become,RelatedTo
beak,mouth,RelatedTo
beak,nose,RelatedTo
beam,wood,RelatedTo
bean,kidney,RelatedTo
bean,pea,RelatedTo
bear,smoke,RelatedTo
beard,chin,RelatedTo
beard,hair,RelatedTo
beard,moustache,RelatedTo
beat,hit,RelatedTo
because,cause,RelatedTo
because,why,RelatedTo
become,be,RelatedTo
become,change,RelatedTo
bed,blanket,RelatedTo
bed,mat,RelatedTo
bed,place,RelatedTo
bed,sleep,RelatedTo
bee,honey,RelatedTo
bee,wasp,RelatedTo
beech,tree,RelatedTo
beehive,bee,RelatedTo
beehive,honey,RelatedTo
beehive,nest,RelatedTo
beer,alcohol,RelatedTo
beer,beverage,RelatedTo
beer,wine,RelatedTo
before,after,RelatedTo
before,early,RelatedTo
before,first,RelatedTo
beg,ask,RelatedTo
beggar,poor,RelatedTo
behind,after,RelatedTo
behind,back,RelatedTo
behind,buttocks,RelatedTo
behind,late,RelatedTo
believe,hope,RelatedTo
believe,religion,RelatedTo
believe,think,RelatedTo
belly,navel,RelatedTo
belly,six,RelatedTo
belly,stomach,RelatedTo
belt,leather,RelatedTo
belt,string,RelatedTo
belt,waist,RelatedTo
benefit,good,RelatedTo
beside,side,RelatedTo
between,middle,RelatedTo
beverage,drink,RelatedTo
beverage,food,RelatedTo
big,tall,RelatedTo
bill,debt,RelatedTo
bill,price,RelatedTo
bird,animal,RelatedTo
bird,chicken,RelatedTo
bird,duck,RelatedTo
bird,eagle,RelatedTo
bird,feather,RelatedTo
bird,fowl,RelatedTo
bird,sparrow,RelatedTo
bird,tree,RelatedTo
bite,chew,RelatedTo
bite,dog,RelatedTo
bite,eat,RelatedTo
bite,mosquito,RelatedTo
bitter,sharp,RelatedTo
bitter,sour,RelatedTo
black,dark,RelatedTo
black,darkness,RelatedTo
black,grey,RelatedTo
black,night,RelatedTo
black,white,RelatedTo
blame,fault,RelatedTo
blanket,bed,RelatedTo
bless,pray,RelatedTo
blister,swelling,RelatedTo
blister,wound,RelatedTo
blood,heart,RelatedTo
blood,red,RelatedTo
blood,thick,RelatedTo
blood,water,RelatedTo
bloom,flower,RelatedTo
bloom,open,RelatedTo
blow,breathe,RelatedTo
blow,fan,RelatedTo
blow,whale,RelatedTo
blow,whistle,RelatedTo
blow,wind,RelatedTo
blue,bruise,RelatedTo
blue,dark,RelatedTo
blue,green,RelatedTo
blue,light,RelatedTo
blue,purple,RelatedTo
blue,sky,RelatedTo
blue,yellow,RelatedTo
boar,pig,RelatedTo
board,flat,RelatedTo
board,floor,RelatedTo
board,head,RelatedTo
board,slab,RelatedTo
board,tree,RelatedTo
board,wood,RelatedTo
boat,canoe,RelatedTo
boat,go,RelatedTo
boat,raft,RelatedTo
boat,ship,RelatedTo
body,bone,RelatedTo
body,corpse,RelatedTo
body,flesh,RelatedTo
body,person,RelatedTo
body,self,RelatedTo
body,shell,RelatedTo
body,skin,RelatedTo
body,soul,RelatedTo
body,two,RelatedTo
body,whole,RelatedTo
boil,cook,RelatedTo
boil,hot,RelatedTo
bolt,electricity,RelatedTo
bolt,lightning,RelatedTo
bone,body,RelatedTo
bone,meat,RelatedTo
bone,mouth,RelatedTo
bone,part,RelatedTo
bone,rib,RelatedTo
bone,skin,RelatedTo
bone,stick,RelatedTo
book,newspaper,RelatedTo
book,paper,RelatedTo
boot,shoe,RelatedTo
border,boundary,RelatedTo
border,edge,RelatedTo
bore,hole,RelatedTo
bottle,glass,RelatedTo
bottom,buttocks,RelatedTo
bottom,deep,RelatedTo
bottom,down,RelatedTo
bottom,floor,RelatedTo
bottom,low,RelatedTo
boundary,border,RelatedTo
boundary,country,RelatedTo
boundary,edge,RelatedTo
bow,arrow,RelatedTo
bowl,dish,RelatedTo
bowl,plate,RelatedTo
boy,baby,RelatedTo
boy,child,RelatedTo
boy,girl,RelatedTo
boy,male,RelatedTo
boy,man,RelatedTo
boy,person,RelatedTo
boy,small,RelatedTo
boy,son,RelatedTo
boy,young,RelatedTo
bracelet,ring,RelatedTo
brain,head,RelatedTo
brain,mind,RelatedTo
branch,arm,RelatedTo
branch,leaf,RelatedTo
branch,twig,RelatedTo
bread,dough,RelatedTo
bread,flour,RelatedTo
bread,food,RelatedTo
bread,grain,RelatedTo
break,damage,RelatedTo
break,destroy,RelatedTo
break,fall,RelatedTo
break,split,RelatedTo
break,tear,RelatedTo
breakfast,meal,RelatedTo
breakfast,morning,RelatedTo
breath,air,RelatedTo
breath,life,RelatedTo
brick,adobe,RelatedTo
bright,light,RelatedTo
bright,loud,RelatedTo
bright,shine,RelatedTo
bring,carry,RelatedTo
bring,come,RelatedTo
bring,get,RelatedTo
bring,hold,RelatedTo
bring,take,RelatedTo
broad,wide,RelatedTo
broom,sweep,RelatedTo
brother,sibling,RelatedTo
brother,sister,RelatedTo
brush,broom,RelatedTo
brush,comb,RelatedTo
bud,flower,RelatedTo
build,house,RelatedTo
build,make,RelatedTo
build,put,RelatedTo
build,work,RelatedTo
bull,cattle,RelatedTo
bullet,arrow,RelatedTo
bunch,flower,RelatedTo
burn,bake,RelatedTo
burn,cook,RelatedTo
burn,fire,RelatedTo
burn,flame,RelatedTo
burn,hot,RelatedTo
burn,red,RelatedTo
burn,smoke,RelatedTo
bury,hole,RelatedTo
business,work,RelatedTo
busy,fast,RelatedTo
butter,fat,RelatedTo
butter,oil,RelatedTo
butterfly,moth,RelatedTo
buy,bring,RelatedTo
buy,cry,RelatedTo
buy,expensive,RelatedTo
buy,get,RelatedTo
buy,give,RelatedTo
buy,pay,RelatedTo
buy,sell,RelatedTo
buy,take,RelatedTo
cabbage,cauliflower,RelatedTo
calf,cow,RelatedTo
call,ask,RelatedTo
call,name,RelatedTo
call,shout,RelatedTo
call,voice,RelatedTo
calm,peace,RelatedTo
calm,quiet,RelatedTo
camp,house,RelatedTo
candle,fire,RelatedTo
candle,light,RelatedTo
candy,sweet,RelatedTo
canoe,boat,RelatedTo
canoe,paddle,RelatedTo
car,bus,RelatedTo
car,machine,RelatedTo
car,vehicle,RelatedTo
carcass,corpse,RelatedTo
carry,bring,RelatedTo
carry,hold,RelatedTo
carry,lift,RelatedTo
carry,take,RelatedTo
cat,dog,RelatedTo
cat,puma,RelatedTo
caterpillar,insect,RelatedTo
caterpillar,worm,RelatedTo
cattle,bovine,RelatedTo
cattle,cow,RelatedTo
cause,because,RelatedTo
cave,hole,RelatedTo
certain,true,RelatedTo
chair,arm,RelatedTo
chair,place,RelatedTo
chair,sit,RelatedTo
chair,stool,RelatedTo
chair,table,RelatedTo
character,letter,RelatedTo
character,star,RelatedTo
cheek,face,RelatedTo
cheek,side,RelatedTo
chest,body,RelatedTo
chest,heart,RelatedTo
chew,bite,RelatedTo
chew,eat,RelatedTo
chicken,bird,RelatedTo
chicken,cooked,RelatedTo
chicken,egg,RelatedTo
chicken,fowl,RelatedTo
chicken,hen,RelatedTo
chicken,rooster,RelatedTo
child,baby,RelatedTo
child,boy,RelatedTo
child,daughter,RelatedTo
child,family,RelatedTo
child,few,RelatedTo
child,girl,RelatedTo
child,granddaughter,RelatedTo
child,kid,RelatedTo
child,people,RelatedTo
child,person,RelatedTo
child,small,RelatedTo
child,son,RelatedTo
child,young,RelatedTo
chimney,fireplace,RelatedTo
chin,jaw,RelatedTo
chin,mouth,RelatedTo
choose,pick,RelatedTo
chop,cut,RelatedTo
chop,strike,RelatedTo
church,mosque,RelatedTo
church,temple,RelatedTo
cigarette,tobacco,RelatedTo
circle,ball,RelatedTo
circle,ring,RelatedTo
circle,round,RelatedTo
circle,wheel,RelatedTo
citizen,person,RelatedTo
city,big,RelatedTo
claw,fingernail,RelatedTo
claw,paw,RelatedTo
claw,toe,RelatedTo
clean,fresh,RelatedTo
clean,pure,RelatedTo
clean,wash,RelatedTo
clean,wipe,RelatedTo
clear,understand,RelatedTo
cleaver,knife,RelatedTo
climb,crawl,RelatedTo
climb,go,RelatedTo
climb,rise,RelatedTo
cloak,coat,RelatedTo
clock,hour,RelatedTo
clock,time,RelatedTo
close,near,RelatedTo
close,open,RelatedTo
clothes,shirt,RelatedTo
clothes,wear,RelatedTo
cloud,above,RelatedTo
cloud,dust,RelatedTo
cloud,fog,RelatedTo
cloud,heaven,RelatedTo
cloud,rain,RelatedTo
cloud,sky,RelatedTo
cloud,smoke,RelatedTo
cloud,thunder,RelatedTo
cloud,white,RelatedTo
club,stick,RelatedTo
club,wood,RelatedTo
coast,edge,RelatedTo
coat,clothes,RelatedTo
coat,dress,RelatedTo
coat,shirt,RelatedTo
coconut,banana,RelatedTo
coin,money,RelatedTo
coin,silver,RelatedTo
cold,fresh,RelatedTo
cold,ice,RelatedTo
cold,snow,RelatedTo
cold,winter,RelatedTo
collar,neck,RelatedTo
collar,necklace,RelatedTo
color,dye,RelatedTo
color,paint,RelatedTo
color,red,RelatedTo
come,approach,RelatedTo
come,arrive,RelatedTo
come,dog,RelatedTo
come,go,RelatedTo
come,here,RelatedTo
come,move,RelatedTo
command,tell,RelatedTo
cone,pine,RelatedTo
connect,join,RelatedTo
connect,tie,RelatedTo
cook,bake,RelatedTo
cook,prepare,RelatedTo
corner,edge,RelatedTo
corner,part,RelatedTo
corpse,body,RelatedTo
corpse,dead,RelatedTo
cotton,cloth,RelatedTo
cotton,flower,RelatedTo
cotton,sheep,RelatedTo
cotton,silk,RelatedTo
cotton,thread,RelatedTo
cotton,wool,RelatedTo
count,amount,RelatedTo
count,number,RelatedTo
count,one,RelatedTo
count,say,RelatedTo
country,area,RelatedTo
country,boundary,RelatedTo
country,land,RelatedTo
country,people,RelatedTo
country,place,RelatedTo
country,side,RelatedTo
country,state,RelatedTo
country,town,RelatedTo
country,world,RelatedTo
court,house,RelatedTo
court,judge,RelatedTo
court,law,RelatedTo
cousin,aunt,RelatedTo
cousin,uncle,RelatedTo
cover,cloak,RelatedTo
cover,hide,RelatedTo
cover,wrap,RelatedTo
cow,buffalo,RelatedTo
cow,bull,RelatedTo
cow,calf,RelatedTo
cow,cattle,RelatedTo
cow,livestock,RelatedTo
cow,ox,RelatedTo
crab,lobster,RelatedTo
crawl,do,RelatedTo
crime,murder,RelatedTo
crowd,bunch,RelatedTo
crowd,many,RelatedTo
crowd,people,RelatedTo
cry,buy,RelatedTo
cry,call,RelatedTo
cry,give,RelatedTo
cry,shout,RelatedTo
cry,sky,RelatedTo
cry,tear,RelatedTo
cup,glass,RelatedTo
current,wave,RelatedTo
curse,swear,RelatedTo
cut,break,RelatedTo
cut,chop,RelatedTo
cut,divide,RelatedTo
cut,do,RelatedTo
cut,draw,RelatedTo
cut,fight,RelatedTo
cut,scrape,RelatedTo
cut,scratch,RelatedTo
cut,separate,RelatedTo
cut,sharp,RelatedTo
cut,split,RelatedTo
cut,stab,RelatedTo
cut,tear,RelatedTo
cut,wound,RelatedTo
dance,sing,RelatedTo
dance,song,RelatedTo
danger,bad,RelatedTo
danger,fear,RelatedTo
danger,need,RelatedTo
dare,brave,RelatedTo
dare,try,RelatedTo
dark,black,RelatedTo
dark,blind,RelatedTo
dark,night,RelatedTo
dark,shade,RelatedTo
darkness,black,RelatedTo
darkness,night,RelatedTo
daughter,baby,RelatedTo
daughter,child,RelatedTo
daughter,female,RelatedTo
daughter,girl,RelatedTo
daughter,person,RelatedTo
daughter,son,RelatedTo
daughter,woman,RelatedTo
dawn,early,RelatedTo
dawn,light,RelatedTo
dawn,morning,RelatedTo
day,afternoon,RelatedTo
day,light,RelatedTo
day,morning,RelatedTo
day,night,RelatedTo
day,sky,RelatedTo
day,sun,RelatedTo
day,time,RelatedTo
day,tomorrow,RelatedTo
day,year,RelatedTo
dead,corpse,RelatedTo
dead,die,RelatedTo
dear,expensive,RelatedTo
death,die,RelatedTo
debt,bill,RelatedTo
debt,owe,RelatedTo
deceit,lie,RelatedTo
deep,bottom,RelatedTo
deep,long,RelatedTo
deep,low,RelatedTo
deer,animal,RelatedTo
defeat,surrender,RelatedTo
defeat,victory,RelatedTo
desire,want,RelatedTo
destroy,bad,RelatedTo
destroy,break,RelatedTo
destroy,damage,RelatedTo
destroy,kill,RelatedTo
destroy,take,RelatedTo
die,cease,RelatedTo
die,dead,RelatedTo
die,death,RelatedTo
difficult,hard,RelatedTo
dinner,evening,RelatedTo
dinner,food,RelatedTo
dinner,lunch,RelatedTo
dinner,meal,RelatedTo
dirt,dust,RelatedTo
dirt,garbage,RelatedTo
disease,sick,RelatedTo
dish,plate,RelatedTo
distance,between,RelatedTo
distance,far,RelatedTo
distance,gap,RelatedTo
distance,length,RelatedTo
ditch,hole,RelatedTo
dive,jump,RelatedTo
dive,swim,RelatedTo
divide,cut,RelatedTo
divide,separate,RelatedTo
divide,split,RelatedTo
do,make,RelatedTo
do,pull,RelatedTo
do,work,RelatedTo
dog,bite,RelatedTo
dog,cat,RelatedTo
dog,horse,RelatedTo
dolphin,whale,RelatedTo
door,gate,RelatedTo
door,hole,RelatedTo
door,open,RelatedTo
door,port,RelatedTo
door,shut,RelatedTo
door,window,RelatedTo
dough,bread,RelatedTo
dough,flour,RelatedTo
down,low,RelatedTo
dowry,price,RelatedTo
dream,sleep,RelatedTo
dress,cloth,RelatedTo
dress,clothes,RelatedTo
dress,coat,RelatedTo
dress,shirt,RelatedTo
dress,skirt,RelatedTo
drink,beverage,RelatedTo
drink,eat,RelatedTo
drink,have,RelatedTo
drink,hot,RelatedTo
drink,inhale,RelatedTo
drink,mouth,RelatedTo
drink,swallow,RelatedTo
drink,take,RelatedTo
drink,water,RelatedTo
drive,go,RelatedTo
drive,move,RelatedTo
drive,pass,RelatedTo
drive,push,RelatedTo
drive,ride,RelatedTo
drive,run,RelatedTo
drive,urge,RelatedTo
drop,drip,RelatedTo
drop,fall,RelatedTo
drop,throw,RelatedTo
duck,bird,RelatedTo
duck,goose,RelatedTo
dust,dirt,RelatedTo
dye,color,RelatedTo
dye,paint,RelatedTo
eagle,bird,RelatedTo
eagle,hawk,RelatedTo
ear,earring,RelatedTo
ear,eye,RelatedTo
early,before,RelatedTo
early,morning,RelatedTo
early,soon,RelatedTo
earn,work,RelatedTo
earth,clay,RelatedTo
earth,ground,RelatedTo
earth,land,RelatedTo
earth,mud,RelatedTo
earth,name,RelatedTo
earth,place,RelatedTo
earth,space,RelatedTo
earth,sun,RelatedTo
earth,world,RelatedTo
earthworm,snake,RelatedTo
east,rise,RelatedTo
east,south,RelatedTo
east,sun,RelatedTo
east,west,RelatedTo
eat,chew,RelatedTo
eat,dinner,RelatedTo
eat,drink,RelatedTo
eat,feed,RelatedTo
eat,food,RelatedTo
eat,lunch,RelatedTo
eat,swallow,RelatedTo
eat,take,RelatedTo
edge,border,RelatedTo
edge,boundary,RelatedTo
edge,coast,RelatedTo
edge,corner,RelatedTo
edge,lip,RelatedTo
edge,part,RelatedTo
edge,precipice,RelatedTo
edge,sharp,RelatedTo
edge,side,RelatedTo
edge,tip,RelatedTo
edge,top,RelatedTo
egg,chicken,RelatedTo
egg,child,RelatedTo
egg,good,RelatedTo
egg,person,RelatedTo
egg,round,RelatedTo
egg,seed,RelatedTo
egg,small,RelatedTo
egg,what,RelatedTo
egg,white,RelatedTo
egg,yolk,RelatedTo
eight,four,RelatedTo
eight,nine,RelatedTo
elbow,arm,RelatedTo
elbow,knee,RelatedTo
electricity,lightning,RelatedTo
embrace,hold,RelatedTo
end,finish,RelatedTo
end,part,RelatedTo
enemy,battle,RelatedTo
enemy,war,RelatedTo
enough,full,RelatedTo
enter,arrive,RelatedTo
enter,come,RelatedTo
enter,go,RelatedTo
envy,jealous,RelatedTo
escape,flee,RelatedTo
escape,run,RelatedTo
evening,afternoon,RelatedTo
evening,dark,RelatedTo
evening,darkness,RelatedTo
evening,dinner,RelatedTo
evening,late,RelatedTo
evening,night,RelatedTo
evening,sun,RelatedTo
evil,bad,RelatedTo
evil,sin,RelatedTo
evil,wrong,RelatedTo
ewe,lamb,RelatedTo
ewe,ram,RelatedTo
ewe,sheep,RelatedTo
exchange,barter,RelatedTo
explain,answer,RelatedTo
explain,show,RelatedTo
explain,teach,RelatedTo
explain,tell,RelatedTo
explain,understand,RelatedTo
eye,come,RelatedTo
eye,ear,RelatedTo
eye,egg,RelatedTo
eye,eyebrow,RelatedTo
eye,face,RelatedTo
eye,head,RelatedTo
eye,light,RelatedTo
eye,look,RelatedTo
eye,man,RelatedTo
eye,mouth,RelatedTo
eye,see,RelatedTo
eye,yes,RelatedTo
eyebrow,eyelash,RelatedTo
eyebrow,eyelid,RelatedTo
face,cheek,RelatedTo
face,eye,RelatedTo
face,mouth,RelatedTo
face,neck,RelatedTo
face,nose,RelatedTo
fall,go,RelatedTo
fall,jump,RelatedTo
fall,red,RelatedTo
fall,slip,RelatedTo
fall,tumble,RelatedTo
family,clan,RelatedTo
family,home,RelatedTo
family,house,RelatedTo
family,parents,RelatedTo
family,people,RelatedTo
family,relatives,RelatedTo
fan,wind,RelatedTo
far,distance,RelatedTo
far,long,RelatedTo
fast,hurry,RelatedTo
father,husband,RelatedTo
father,male,RelatedTo
father,man,RelatedTo
father,mother,RelatedTo
father,parents,RelatedTo
fatigue,tired,RelatedTo
fault,blame,RelatedTo
fear,anxiety,RelatedTo
fear,danger,RelatedTo
feed,eat,RelatedTo
feed,give,RelatedTo
feel,touch,RelatedTo
fell,fall,RelatedTo
fence,yard,RelatedTo
fever,disease,RelatedTo
fever,hot,RelatedTo
fever,sick,RelatedTo
few,low,RelatedTo
few,small,RelatedTo
few,some,RelatedTo
few,two,RelatedTo
field,country,RelatedTo
field,flat,RelatedTo
field,grass,RelatedTo
field,ground,RelatedTo
field,land,RelatedTo
field,pasture,RelatedTo
field,place,RelatedTo
field,plain,RelatedTo
field,wheat,RelatedTo
field,wide,RelatedTo
fight,attack,RelatedTo
fight,battle,RelatedTo
fight,beat,RelatedTo
fight,hit,RelatedTo
fight,quarrel,RelatedTo
fill,full,RelatedTo
fill,pour,RelatedTo
find,have,RelatedTo
find,look,RelatedTo
find,see,RelatedTo
fine,punishment,RelatedTo
finger,hand,RelatedTo
finger,ring,RelatedTo
finger,thumb,RelatedTo
finger,toe,RelatedTo
fir,pine,RelatedTo
fir,tree,RelatedTo
fire,ash,RelatedTo
fire,burn,RelatedTo
fire,embers,RelatedTo
fire,fireplace,RelatedTo
fire,flame,RelatedTo
fire,four,RelatedTo
fire,heat,RelatedTo
fire,hot,RelatedTo
fire,light,RelatedTo
fire,red,RelatedTo
fire,smoke,RelatedTo
fire,stove,RelatedTo
fire,sun,RelatedTo
fire,wind,RelatedTo
fire,wood,RelatedTo
fireplace,chimney,RelatedTo
fireplace,fire,RelatedTo
firewood,fire,RelatedTo
firewood,fireplace,RelatedTo
firewood,tree,RelatedTo
firewood,wood,RelatedTo
first,before,RelatedTo
first,beginning,RelatedTo
first,one,RelatedTo
fish,dolphin,RelatedTo
fish,eat,RelatedTo
fish,food,RelatedTo
fish,meat,RelatedTo
fish,river,RelatedTo
fish,shark,RelatedTo
fishing,fish,RelatedTo
five,four,RelatedTo
five,hand,RelatedTo
five,six,RelatedTo
fix,join,RelatedTo
flame,fire,RelatedTo
flame,red,RelatedTo
flash,lightning,RelatedTo
flea,louse,RelatedTo
flea,nit,RelatedTo
flesh,body,RelatedTo
flesh,meat,RelatedTo
flesh,skin,RelatedTo
flock,herd,RelatedTo
floor,bottom,RelatedTo
floor,earth,RelatedTo
floor,flat,RelatedTo
floor,ground,RelatedTo
floor,place,RelatedTo
flow,go,RelatedTo
flow,move,RelatedTo
flow,river,RelatedTo
flow,stream,RelatedTo
flower,bloom,RelatedTo
flower,bud,RelatedTo
flower,colorful,RelatedTo
flower,good,RelatedTo
flower,plant,RelatedTo
fly,bee,RelatedTo
fly,insect,RelatedTo
fly,mosquito,RelatedTo
foal,horse,RelatedTo
foal,mare,RelatedTo
foal,stallion,RelatedTo
fog,cloud,RelatedTo
fog,smoke,RelatedTo
fog,steam,RelatedTo
follow,go,RelatedTo
follow,walk,RelatedTo
food,breakfast,RelatedTo
food,dinner,RelatedTo
food,eat,RelatedTo
food,lunch,RelatedTo
food,meal,RelatedTo
food,stomach,RelatedTo
foot,ankle,RelatedTo
foot,bottom,RelatedTo
foot,heel,RelatedTo
foot,leg,RelatedTo
foot,measure,RelatedTo
foot,ruler,RelatedTo
foot,shoe,RelatedTo
foot,skin,RelatedTo
foot,sole,RelatedTo
foot,stand,RelatedTo
foot,toe,RelatedTo
forbid,deny,RelatedTo
forehead,face,RelatedTo
foreign,other,RelatedTo
forest,bush,RelatedTo
forest,land,RelatedTo
forest,tree,RelatedTo
forest,wood,RelatedTo
forge,blacksmith,RelatedTo
fork,spoon,RelatedTo
four,five,RelatedTo
four,three,RelatedTo
four,two,RelatedTo
fowl,bird,RelatedTo
fowl,chicken,RelatedTo
fox,wolf,RelatedTo
freeze,ice,RelatedTo
fresh,clean,RelatedTo
fresh,good,RelatedTo
fresh,new,RelatedTo
frog,toad,RelatedTo
frost,cold,RelatedTo
frost,ice,RelatedTo
frost,snow,RelatedTo
fruit,food,RelatedTo
fruit,vegetables,RelatedTo
fur,hair,RelatedTo
fur,skin,RelatedTo
fur,wool,RelatedTo
game,play,RelatedTo
garden,earth,RelatedTo
garden,fence,RelatedTo
garden,field,RelatedTo
garden,ground,RelatedTo
garden,land,RelatedTo
garden,yard,RelatedTo
garlic,onion,RelatedTo
gate,door,RelatedTo
gather,bring,RelatedTo
gather,do,RelatedTo
gather,harvest,RelatedTo
gather,pick,RelatedTo
gentle,good,RelatedTo
gentle,soft,RelatedTo
gentle,sweet,RelatedTo
get,bring,RelatedTo
get,buy,RelatedTo
get,give,RelatedTo
get,have,RelatedTo
get,take,RelatedTo
get,understand,RelatedTo
ghost,spirit,RelatedTo
girl,boy,RelatedTo
girl,child,RelatedTo
girl,daughter,RelatedTo
girl,female,RelatedTo
girl,woman,RelatedTo
girl,young,RelatedTo
give,donate,RelatedTo
give,take,RelatedTo
glass,bottle,RelatedTo
glass,cup,RelatedTo
glass,ice,RelatedTo
glass,mirror,RelatedTo
glass,window,RelatedTo
go,leave,RelatedTo
go,move,RelatedTo
goat,sheep,RelatedTo
god,father,RelatedTo
god,ghost,RelatedTo
god,heaven,RelatedTo
god,idol,RelatedTo
god,king,RelatedTo
god,lord,RelatedTo
god,master,RelatedTo
god,sky,RelatedTo
god,spirit,RelatedTo
gold,money,RelatedTo
gold,silver,RelatedTo
gold,yellow,RelatedTo
good,happy,RelatedTo
good,very,RelatedTo
good,white,RelatedTo
grain,animal,RelatedTo
grain,barley,RelatedTo
grain,bread,RelatedTo
grain,flour,RelatedTo
grain,food,RelatedTo
grain,oat,RelatedTo
grain,rice,RelatedTo
grain,rye,RelatedTo
grain,seed,RelatedTo
grain,wheat,RelatedTo
grandfather,old,RelatedTo
grape,bunch,RelatedTo
grape,vine,RelatedTo
grape,wine,RelatedTo
grass,field,RelatedTo
grass,flower,RelatedTo
grass,green,RelatedTo
grass,hair,RelatedTo
grass,leaf,RelatedTo
grass,plant,RelatedTo
grasshopper,insect,RelatedTo
grave,bury,RelatedTo
grave,corpse,RelatedTo
grave,hole,RelatedTo
grave,pit,RelatedTo
green,blue,RelatedTo
green,grass,RelatedTo
green,leaf,RelatedTo
green,yellow,RelatedTo
ground,earth,RelatedTo
ground,field,RelatedTo
ground,floor,RelatedTo
ground,garden,RelatedTo
ground,land,RelatedTo
ground,mud,RelatedTo
ground,place,RelatedTo
grow,become,RelatedTo
grow,big,RelatedTo
grow,cultivate,RelatedTo
grow,increase,RelatedTo
grow,old,RelatedTo
grow,plant,RelatedTo
grow,raise,RelatedTo
grow,tall,RelatedTo
guard,defend,RelatedTo
guard,protect,RelatedTo
guard,soldier,RelatedTo
hair,fur,RelatedTo
hair,head,RelatedTo
half,part,RelatedTo
hammer,pound,RelatedTo
hand,arm,RelatedTo
hand,elbow,RelatedTo
hand,finger,RelatedTo
hand,five,RelatedTo
hand,have,RelatedTo
hand,skin,RelatedTo
hand,thumb,RelatedTo
hand,wrist,RelatedTo
handle,take,RelatedTo
happiness,joy,RelatedTo
happy,good,RelatedTo
hard,difficult,RelatedTo
hard,solid,RelatedTo
hard,strong,RelatedTo
hare,rabbit,RelatedTo
harvest,autumn,RelatedTo
harvest,vegetables,RelatedTo
hate,anger,RelatedTo
have,get,RelatedTo
have,hold,RelatedTo
have,own,RelatedTo
hawk,eagle,RelatedTo
hay,grass,RelatedTo
he,person,RelatedTo
head,atop,RelatedTo
head,big,RelatedTo
head,brain,RelatedTo
head,hair,RelatedTo
head,nose,RelatedTo
head,skull,RelatedTo
head,top,RelatedTo
hear,do,RelatedTo
hear,ear,RelatedTo
hear,listen,RelatedTo
hear,see,RelatedTo
heart,blood,RelatedTo
heart,chest,RelatedTo
heat,fever,RelatedTo
heat,fire,RelatedTo
heat,hot,RelatedTo
heat,warm,RelatedTo
heaven,air,RelatedTo
heaven,cloud,RelatedTo
heaven,god,RelatedTo
heaven,high,RelatedTo
heaven,sky,RelatedTo
heaven,up,RelatedTo
heavy,big,RelatedTo
heavy,difficult,RelatedTo
heavy,hard,RelatedTo
heavy,weigh,RelatedTo
heavy,weight,RelatedTo
heel,ankle,RelatedTo
heel,bottom,RelatedTo
heel,foot,RelatedTo
help,rescue,RelatedTo
hen,bird,RelatedTo
hen,chicken,RelatedTo
hen,rooster,RelatedTo
here,hither,RelatedTo
here,now,RelatedTo
here,there,RelatedTo
hide,cover,RelatedTo
hide,disappear,RelatedTo
hide,flee,RelatedTo
hide,keep,RelatedTo
hide,secret,RelatedTo
hide,skin,RelatedTo
hide,take,RelatedTo
high,above,RelatedTo
high,sky,RelatedTo
high,tall,RelatedTo
high,top,RelatedTo
high,up,RelatedTo
hill,big,RelatedTo
hill,elevation,RelatedTo
hill,height,RelatedTo
hill,hump,RelatedTo
hill,mountain,RelatedTo
hold,carry,RelatedTo
hold,catch,RelatedTo
hold,embrace,RelatedTo
hold,grasp,RelatedTo
hold,have,RelatedTo
hold,keep,RelatedTo
hold,seize,RelatedTo
hold,touch,RelatedTo
hole,empty,RelatedTo
home,dwell,RelatedTo
home,family,RelatedTo
home,house,RelatedTo
home,place,RelatedTo
honey,bee,RelatedTo
honey,sugar,RelatedTo
honey,sweet,RelatedTo
hoof,foot,RelatedTo
hope,think,RelatedTo
hope,want,RelatedTo
horse,dog,RelatedTo
horse,donkey,RelatedTo
horse,foal,RelatedTo
horse,mare,RelatedTo
horse,mule,RelatedTo
horse,stallion,RelatedTo
host,guest,RelatedTo
hot,burn,RelatedTo
hot,burning,RelatedTo
hot,fire,RelatedTo
hot,heat,RelatedTo
hot,summer,RelatedTo
hot,warm,RelatedTo
hour,clock,RelatedTo
hour,time,RelatedTo
house,come,RelatedTo
house,family,RelatedTo
house,home,RelatedTo
house,place,RelatedTo
house,roof,RelatedTo
house,small,RelatedTo
house,space,RelatedTo
house,yard,RelatedTo
how,what,RelatedTo
how,when,RelatedTo
how,where,RelatedTo
how,who,RelatedTo
how,why,RelatedTo
hunger,thirst,RelatedTo
hunt,kill,RelatedTo
hunt,shoot,RelatedTo
husband,male,RelatedTo
husband,man,RelatedTo
husband,wife,RelatedTo
hut,house,RelatedTo
hut,roof,RelatedTo
hut,tent,RelatedTo
i,eye,RelatedTo
i,in,RelatedTo
i,like,RelatedTo
i,self,RelatedTo
ice,cold,RelatedTo
ice,snow,RelatedTo
ice,white,RelatedTo
idea,mind,RelatedTo
idea,think,RelatedTo
idle,lazy,RelatedTo
if,and,RelatedTo
if,or,RelatedTo
increase,grow,RelatedTo
insect,animal,RelatedTo
insect,fly,RelatedTo
insect,larva,RelatedTo
insect,mosquito,RelatedTo
insect,spider,RelatedTo
insect,worm,RelatedTo
inside,in,RelatedTo
iron,cast,RelatedTo
iron,steel,RelatedTo
iron,tool,RelatedTo
island,land,RelatedTo
it,she,RelatedTo
itch,bite,RelatedTo
itch,scratch,RelatedTo
item,thing,RelatedTo
jaw,cheek,RelatedTo
jaw,chin,RelatedTo
jaw,face,RelatedTo
jaw,mouth,RelatedTo
join,connect,RelatedTo
join,meet,RelatedTo
join,tie,RelatedTo
joy,happiness,RelatedTo
judge,court,RelatedTo
keep,have,RelatedTo
keep,hold,RelatedTo
keep,own,RelatedTo
keep,preserve,RelatedTo
keep,take,RelatedTo
kettle,pan,RelatedTo
kettle,pot,RelatedTo
key,lock,RelatedTo
kid,child,RelatedTo
kid,goat,RelatedTo
kill,destroy,RelatedTo
kill,die,RelatedTo
kill,murder,RelatedTo
kill,slaughter,RelatedTo
king,father,RelatedTo
king,head,RelatedTo
king,master,RelatedTo
king,powerful,RelatedTo
king,queen,RelatedTo
knead,dough,RelatedTo
knee,ankle,RelatedTo
knee,elbow,RelatedTo
knee,thigh,RelatedTo
knot,tie,RelatedTo
know,believe,RelatedTo
know,learn,RelatedTo
know,understand,RelatedTo
lake,lagoon,RelatedTo
lake,ocean,RelatedTo
lake,pond,RelatedTo
lake,river,RelatedTo
lake,sea,RelatedTo
lake,swamp,RelatedTo
lake,water,RelatedTo
lamb,goat,RelatedTo
lamb,sheep,RelatedTo
lamp,light,RelatedTo
land,country,RelatedTo
land,earth,RelatedTo
land,field,RelatedTo
land,floor,RelatedTo
land,ground,RelatedTo
land,mud,RelatedTo
land,place,RelatedTo
land,shore,RelatedTo
language,speak,RelatedTo
language,speech,RelatedTo
language,tongue,RelatedTo
language,word,RelatedTo
last,after,RelatedTo
last,end,RelatedTo
latch,key,RelatedTo
latch,lock,RelatedTo
late,after,RelatedTo
late,behind,RelatedTo
late,day,RelatedTo
late,night,RelatedTo
laugh,smile,RelatedTo
law,court,RelatedTo
lay,make,RelatedTo
lay,sleep,RelatedTo
lazy,idle,RelatedTo
leaf,branch,RelatedTo
leaf,flower,RelatedTo
leaf,green,RelatedTo
leaf,hand,RelatedTo
leaf,tree,RelatedTo
lean,thin,RelatedTo
learn,know,RelatedTo
learn,study,RelatedTo
learn,teach,RelatedTo
learn,understand,RelatedTo
leather,skin,RelatedTo
leave,go,RelatedTo
leave,left,RelatedTo
left,right,RelatedTo
leg,bottom,RelatedTo
leg,foot,RelatedTo
leg,hip,RelatedTo
leg,muscle,RelatedTo
leg,shin,RelatedTo
leg,thigh,RelatedTo
leg,walk,RelatedTo
length,distance,RelatedTo
length,long,RelatedTo
leopard,tiger,RelatedTo
letter,character,RelatedTo
letter,mail,RelatedTo
letter,paper,RelatedTo
letter,postcard,RelatedTo
lie,deceit,RelatedTo
lie,perjury,RelatedTo
lie,sleep,RelatedTo
lie,speak,RelatedTo
lift,carry,RelatedTo
lift,move,RelatedTo
lift,pull,RelatedTo
lift,put,RelatedTo
lift,raise,RelatedTo
lift,rise,RelatedTo
lift,take,RelatedTo
light,day,RelatedTo
light,lamp,RelatedTo
light,sun,RelatedTo
lightning,bright,RelatedTo
lightning,electricity,RelatedTo
lightning,flash,RelatedTo
lightning,storm,RelatedTo
lightning,thunder,RelatedTo
like,desire,RelatedTo
like,love,RelatedTo
line,road,RelatedTo
line,side,RelatedTo
line,string,RelatedTo
lip,edge,RelatedTo
lip,mouth,RelatedTo
listen,hear,RelatedTo
live,be,RelatedTo
liver,blood,RelatedTo
livestock,cattle,RelatedTo
load,heavy,RelatedTo
lobster,crab,RelatedTo
lobster,red,RelatedTo
lock,key,RelatedTo
lock,latch,RelatedTo
long,big,RelatedTo
long,length,RelatedTo
long,tall,RelatedTo
look,eye,RelatedTo
look,open,RelatedTo
look,see,RelatedTo
look,watch,RelatedTo
lord,god,RelatedTo
lord,owner,RelatedTo
love,good,RelatedTo
love,happy,RelatedTo
love,like,RelatedTo
low,bottom,RelatedTo
low,small,RelatedTo
lunch,breakfast,RelatedTo
lunch,dinner,RelatedTo
lunch,eat,RelatedTo
lunch,food,RelatedTo
lunch,meal,RelatedTo
lunch,midday,RelatedTo
lung,chest,RelatedTo
lung,heart,RelatedTo
machine,motor,RelatedTo
machine,tool,RelatedTo
make,build,RelatedTo
make,do,RelatedTo
make,prepare,RelatedTo
make,produce,RelatedTo
male,boy,RelatedTo
male,man,RelatedTo
man,boy,RelatedTo
man,father,RelatedTo
man,fish,RelatedTo
man,husband,RelatedTo
man,old,RelatedTo
man,penis,RelatedTo
man,people,RelatedTo
man,person,RelatedTo
man,son,RelatedTo
manner,custom,RelatedTo
mare,horse,RelatedTo
market,buy,RelatedTo
market,sell,RelatedTo
market,store,RelatedTo
market,town,RelatedTo
marry,husband,RelatedTo
marry,wedding,RelatedTo
marry,wife,RelatedTo
master,head,RelatedTo
master,teacher,RelatedTo
mat,rug,RelatedTo
match,fire,RelatedTo
meal,breakfast,RelatedTo
meal,dinner,RelatedTo
meal,food,RelatedTo
meal,lunch,RelatedTo
meal,time,RelatedTo
measure,count,RelatedTo
measure,weigh,RelatedTo
meat,animal,RelatedTo
meat,cow,RelatedTo
meat,flesh,RelatedTo
meat,food,RelatedTo
meat,pig,RelatedTo
medicine,cure,RelatedTo
medicine,pill,RelatedTo
memory,mind,RelatedTo
memory,thought,RelatedTo
middle,between,RelatedTo
middle,half,RelatedTo
milk,udder,RelatedTo
mind,brain,RelatedTo
mind,head,RelatedTo
mind,memory,RelatedTo
mind,soul,RelatedTo
mind,spirit,RelatedTo
mind,think,RelatedTo
mind,thought,RelatedTo
mirror,glass,RelatedTo
mistake,bad,RelatedTo
mistake,fault,RelatedTo
mistake,miss,RelatedTo
mistake,wrong,RelatedTo
money,coin,RelatedTo
money,paper,RelatedTo
money,pay,RelatedTo
monkey,baboon,RelatedTo
month,moon,RelatedTo
month,time,RelatedTo
moon,bright,RelatedTo
moon,light,RelatedTo
moon,man,RelatedTo
moon,month,RelatedTo
moon,sun,RelatedTo
morning,breakfast,RelatedTo
morning,dawn,RelatedTo
morning,day,RelatedTo
morning,early,RelatedTo
morning,light,RelatedTo
morning,night,RelatedTo
mosque,church,RelatedTo
mosquito,fly,RelatedTo
mosquito,insect,RelatedTo
moth,butterfly,RelatedTo
mother,come,RelatedTo
mother,father,RelatedTo
mother,female,RelatedTo
mother,head,RelatedTo
mother,woman,RelatedTo
motor,machine,RelatedTo
mountain,hill,RelatedTo
mountain,rock,RelatedTo
mountain,sky,RelatedTo
mouse,rat,RelatedTo
mouth,chin,RelatedTo
mouth,face,RelatedTo
mouth,hole,RelatedTo
mouth,nose,RelatedTo
mouth,tongue,RelatedTo
move,change,RelatedTo
move,go,RelatedTo
move,leave,RelatedTo
move,push,RelatedTo
move,turn,RelatedTo
move,walk,RelatedTo
much,very,RelatedTo
mud,earth,RelatedTo
mud,soil,RelatedTo
mud,wet,RelatedTo
mule,donkey,RelatedTo
mule,horse,RelatedTo
murder,kill,RelatedTo
music,sing,RelatedTo
music,song,RelatedTo
must,necessary,RelatedTo
my,me,RelatedTo
nail,claw,RelatedTo
name,call,RelatedTo
name,man,RelatedTo
name,person,RelatedTo
name,what,RelatedTo
name,who,RelatedTo
narrow,small,RelatedTo
narrow,thin,RelatedTo
narrow,tight,RelatedTo
navel,belly,RelatedTo
near,close,RelatedTo
necessary,must,RelatedTo
neck,face,RelatedTo
neck,nape,RelatedTo
neck,shoulder,RelatedTo
neck,throat,RelatedTo
neck,voice,RelatedTo
necklace,bead,RelatedTo
necklace,chain,RelatedTo
necklace,collar,RelatedTo
necklace,throat,RelatedTo
need,poor,RelatedTo
need,want,RelatedTo
needle,pin,RelatedTo
needle,sew,RelatedTo
neighbour,friend,RelatedTo
nephew,boy,RelatedTo
nephew,niece,RelatedTo
nephew,son,RelatedTo
nephew,uncle,RelatedTo
nest,basket,RelatedTo
nest,bed,RelatedTo
nest,cradle,RelatedTo
nest,grass,RelatedTo
nest,house,RelatedTo
nest,lair,RelatedTo
nest,place,RelatedTo
never,always,RelatedTo
never,not,RelatedTo
new,again,RelatedTo
new,fresh,RelatedTo
new,young,RelatedTo
news,newspaper,RelatedTo
news,story,RelatedTo
newspaper,news,RelatedTo
next,after,RelatedTo
next,follow,RelatedTo
niece,cousin,RelatedTo
night,afternoon,RelatedTo
night,black,RelatedTo
night,dark,RelatedTo
night,darkness,RelatedTo
night,day,RelatedTo
night,evening,RelatedTo
night,morning,RelatedTo
nine,eight,RelatedTo
nine,ten,RelatedTo
no,deny,RelatedTo
no,yes,RelatedTo
noise,voice,RelatedTo
noose,knot,RelatedTo
north,south,RelatedTo
nose,beak,RelatedTo
nose,body,RelatedTo
nose,face,RelatedTo
nose,head,RelatedTo
nose,mouth,RelatedTo
nose,smell,RelatedTo
not,and,RelatedTo
nothing,zero,RelatedTo
notice,look,RelatedTo
notice,recognize,RelatedTo
notice,see,RelatedTo
now,because,RelatedTo
now,here,RelatedTo
now,immediately,RelatedTo
now,today,RelatedTo
number,count,RelatedTo
oak,acorn,RelatedTo
oak,tree,RelatedTo
oar,paddle,RelatedTo
oar,spoon,RelatedTo
oat,grain,RelatedTo
oath,promise,RelatedTo
ocean,lake,RelatedTo
ocean,river,RelatedTo
ocean,sea,RelatedTo
often,always,RelatedTo
often,many,RelatedTo
oil,fat,RelatedTo
oil,petroleum,RelatedTo
old,age,RelatedTo
one,first,RelatedTo
one,small,RelatedTo
one,two,RelatedTo
onion,garlic,RelatedTo
only,alone,RelatedTo
only,one,RelatedTo
open,door,RelatedTo
or,and,RelatedTo
or,if,RelatedTo
order,ask,RelatedTo
oven,stove,RelatedTo
owe,debt,RelatedTo
own,have,RelatedTo
own,hold,RelatedTo
owner,lord,RelatedTo
ox,bull,RelatedTo
ox,cow,RelatedTo
pain,ache,RelatedTo
pain,sick,RelatedTo
pain,wound,RelatedTo
paint,brush,RelatedTo
paint,color,RelatedTo
paint,dye,RelatedTo
paint,oil,RelatedTo
pair,two,RelatedTo
pan,dish,RelatedTo
pan,pot,RelatedTo
paper,book,RelatedTo
paper,leaf,RelatedTo
part,piece,RelatedTo
part,some,RelatedTo
pass,go,RelatedTo
pasture,field,RelatedTo
pasture,grass,RelatedTo
pasture,grassland,RelatedTo
path,road,RelatedTo
pay,buy,RelatedTo
pay,give,RelatedTo
pay,money,RelatedTo
pay,send,RelatedTo
pay,wages,RelatedTo
peace,calm,RelatedTo
peace,rest,RelatedTo
peace,silence,RelatedTo
peace,world,RelatedTo
peel,skin,RelatedTo
peg,nail,RelatedTo
people,crowd,RelatedTo
people,person,RelatedTo
perjury,lie,RelatedTo
perjury,oath,RelatedTo
person,animal,RelatedTo
person,body,RelatedTo
person,child,RelatedTo
person,male,RelatedTo
person,man,RelatedTo
person,name,RelatedTo
person,one,RelatedTo
person,people,RelatedTo
person,someone,RelatedTo
person,thing,RelatedTo
person,woman,RelatedTo
pick,choose,RelatedTo
piece,part,RelatedTo
piece,slice,RelatedTo
pig,boar,RelatedTo
pig,meat,RelatedTo
pig,pork,RelatedTo
pig,sow,RelatedTo
pig,tail,RelatedTo
pill,medicine,RelatedTo
pin,nail,RelatedTo
pin,needle,RelatedTo
pipe,tobacco,RelatedTo
pit,hole,RelatedTo
pity,feel,RelatedTo
place,area,RelatedTo
place,put,RelatedTo
plain,field,RelatedTo
plain,flat,RelatedTo
plain,land,RelatedTo
plait,braid,RelatedTo
plant,bury,RelatedTo
plant,dig,RelatedTo
plant,flower,RelatedTo
plant,forest,RelatedTo
plant,grass,RelatedTo
plant,grow,RelatedTo
plant,pot,RelatedTo
plant,put,RelatedTo
plant,tree,RelatedTo
plant,vegetables,RelatedTo
plate,bowl,RelatedTo
plate,cup,RelatedTo
plate,dish,RelatedTo
plate,flat,RelatedTo
plate,full,RelatedTo
plate,saucer,RelatedTo
plate,table,RelatedTo
play,game,RelatedTo
plough,furrow,RelatedTo
point,show,RelatedTo
poison,medicine,RelatedTo
pond,lake,RelatedTo
poor,beggar,RelatedTo
pork,pig,RelatedTo
post,beam,RelatedTo
post,stick,RelatedTo
post,wood,RelatedTo
pot,bowl,RelatedTo
pot,clay,RelatedTo
pouch,bag,RelatedTo
pouch,sack,RelatedTo
pour,fill,RelatedTo
pour,flow,RelatedTo
pour,put,RelatedTo
pour,rain,RelatedTo
power,strength,RelatedTo
power,strong,RelatedTo
pray,worship,RelatedTo
prepare,make,RelatedTo
prepare,set,RelatedTo
preserve,keep,RelatedTo
preserve,protect,RelatedTo
president,government,RelatedTo
president,king,RelatedTo
press,push,RelatedTo
press,squeeze,RelatedTo
price,bill,RelatedTo
price,buy,RelatedTo
price,expensive,RelatedTo
price,market,RelatedTo
price,money,RelatedTo
price,pay,RelatedTo
produce,make,RelatedTo
promise,oath,RelatedTo
promise,swear,RelatedTo
protect,defend,RelatedTo
protect,guard,RelatedTo
protect,keep,RelatedTo
pull,drag,RelatedTo
pull,push,RelatedTo
pumpkin,gourd,RelatedTo
punishment,court,RelatedTo
punishment,pain,RelatedTo
push,fight,RelatedTo
push,move,RelatedTo
push,touch,RelatedTo
put,keep,RelatedTo
put,place,RelatedTo
put,set,RelatedTo
quarrel,fight,RelatedTo
queen,king,RelatedTo
queen,woman,RelatedTo
quiet,calm,RelatedTo
rabbit,hare,RelatedTo
rain,cloud,RelatedTo
rain,fall,RelatedTo
rain,season,RelatedTo
rain,sky,RelatedTo
rain,water,RelatedTo
rain,weather,RelatedTo
raise,lift,RelatedTo
rake,comb,RelatedTo
rake,fork,RelatedTo
ram,ewe,RelatedTo
ram,goat,RelatedTo
ram,male,RelatedTo
ram,sheep,RelatedTo
rat,mouse,RelatedTo
raw,fresh,RelatedTo
raw,red,RelatedTo
read,look,RelatedTo
read,speak,RelatedTo
ready,good,RelatedTo
recognize,know,RelatedTo
recognize,understand,RelatedTo
red,blood,RelatedTo
red,color,RelatedTo
red,dark,RelatedTo
red,hot,RelatedTo
red,yellow,RelatedTo
refuse,deny,RelatedTo
regret,sad,RelatedTo
religion,worship,RelatedTo
remain,have,RelatedTo
rest,peace,RelatedTo
rest,recover,RelatedTo
rib,bone,RelatedTo
rib,chest,RelatedTo
rice,eat,RelatedTo
rice,grain,RelatedTo
rice,meal,RelatedTo
rich,own,RelatedTo
rich,person,RelatedTo
rich,wealth,RelatedTo
ride,drive,RelatedTo
ride,move,RelatedTo
right,correct,RelatedTo
right,law,RelatedTo
right,left,RelatedTo
right,side,RelatedTo
ring,bracelet,RelatedTo
ring,circle,RelatedTo
ring,finger,RelatedTo
ripe,ready,RelatedTo
rise,lift,RelatedTo
rise,stand,RelatedTo
rise,up,RelatedTo
river,creek,RelatedTo
river,fish,RelatedTo
river,flow,RelatedTo
river,lake,RelatedTo
river,ocean,RelatedTo
river,sea,RelatedTo
river,stream,RelatedTo
river,valley,RelatedTo
river,water,RelatedTo
river,wet,RelatedTo
road,line,RelatedTo
road,path,RelatedTo
road,street,RelatedTo
road,walk,RelatedTo
rock,mountain,RelatedTo
rock,stone,RelatedTo
roll,round,RelatedTo
roll,spin,RelatedTo
roll,tumble,RelatedTo
roll,turn,RelatedTo
roof,house,RelatedTo
roof,top,RelatedTo
room,house,RelatedTo
room,part,RelatedTo
room,place,RelatedTo
room,square,RelatedTo
room,wall,RelatedTo
root,bottom,RelatedTo
root,plant,RelatedTo
root,tree,RelatedTo
rough,hard,RelatedTo
round,ball,RelatedTo
round,circle,RelatedTo
round,wheel,RelatedTo
rub,push,RelatedTo
rub,scratch,RelatedTo
rub,touch,RelatedTo
rub,wash,RelatedTo
rub,wipe,RelatedTo
rudder,paddle,RelatedTo
rug,mat,RelatedTo
rule,command,RelatedTo
rule,government,RelatedTo
rule,own,RelatedTo
ruler,foot,RelatedTo
run,dash,RelatedTo
run,fast,RelatedTo
run,move,RelatedTo
run,walk,RelatedTo
rye,grain,RelatedTo
sack,bag,RelatedTo
sail,float,RelatedTo
salt,foot,RelatedTo
salt,sea,RelatedTo
salt,white,RelatedTo
same,similar,RelatedTo
sand,clay,RelatedTo
sand,dust,RelatedTo
sand,earth,RelatedTo
sand,floor,RelatedTo
sand,land,RelatedTo
sand,pebbles,RelatedTo
sand,shore,RelatedTo
sand,water,RelatedTo
sap,blood,RelatedTo
saucer,bowl,RelatedTo
saucer,cup,RelatedTo
saucer,dish,RelatedTo
saucer,flat,RelatedTo
saucer,plate,RelatedTo
saw,cut,RelatedTo
saw,knife,RelatedTo
say,speak,RelatedTo
say,speech,RelatedTo
say,talk,RelatedTo
say,tell,RelatedTo
scale,skin,RelatedTo
scar,wound,RelatedTo
scratch,cut,RelatedTo
sea,big,RelatedTo
sea,lake,RelatedTo
sea,ocean,RelatedTo
sea,salt,RelatedTo
sea,salty,RelatedTo
sea,shore,RelatedTo
sea,water,RelatedTo
season,year,RelatedTo
see,look,RelatedTo
see,watch,RelatedTo
seed,early,RelatedTo
seed,egg,RelatedTo
seed,fruit,RelatedTo
seed,grain,RelatedTo
seed,new,RelatedTo
seed,nut,RelatedTo
seed,rice,RelatedTo
seed,small,RelatedTo
seed,stone,RelatedTo
sell,buy,RelatedTo
send,give,RelatedTo
separate,divide,RelatedTo
separate,split,RelatedTo
servant,slave,RelatedTo
seventeen,sixteen,RelatedTo
shade,dark,RelatedTo
shade,darkness,RelatedTo
shade,ghost,RelatedTo
shake,earthquake,RelatedTo
shake,mix,RelatedTo
shake,move,RelatedTo
shake,shiver,RelatedTo
shark,fish,RelatedTo
shear,cut,RelatedTo
sheep,cotton,RelatedTo
sheep,ewe,RelatedTo
sheep,field,RelatedTo
sheep,goat,RelatedTo
sheep,lamb,RelatedTo
sheep,livestock,RelatedTo
sheep,ram,RelatedTo
sheep,wool,RelatedTo
shell,body,RelatedTo
shell,house,RelatedTo
shell,snail,RelatedTo
shield,armour,RelatedTo
shield,iron,RelatedTo
ship,boat,RelatedTo
shiver,fear,RelatedTo
shiver,shake,RelatedTo
shoe,boot,RelatedTo
shoe,foot,RelatedTo
shoot,fire,RelatedTo
shop,business,RelatedTo
shore,edge,RelatedTo
shore,land,RelatedTo
shore,sand,RelatedTo
shore,sea,RelatedTo
short,small,RelatedTo
shoulder,arm,RelatedTo
shoulder,neck,RelatedTo
shout,call,RelatedTo
shout,loud,RelatedTo
shout,voice,RelatedTo
shovel,spade,RelatedTo
show,tell,RelatedTo
shriek,cry,RelatedTo
sick,fever,RelatedTo
side,back,RelatedTo
side,edge,RelatedTo
side,face,RelatedTo
side,left,RelatedTo
side,line,RelatedTo
side,part,RelatedTo
side,place,RelatedTo
side,right,RelatedTo
side,top,RelatedTo
side,wall,RelatedTo
sign,character,RelatedTo
silence,peace,RelatedTo
silk,cotton,RelatedTo
silk,thread,RelatedTo
silver,coin,RelatedTo
silver,gold,RelatedTo
silver,money,RelatedTo
silver,white,RelatedTo
sin,evil,RelatedTo
sing,music,RelatedTo
sing,song,RelatedTo
sing,voice,RelatedTo
sister,brother,RelatedTo
sister,mother,RelatedTo
sister,sibling,RelatedTo
sit,chair,RelatedTo
sit,stand,RelatedTo
six,five,RelatedTo
size,amount,RelatedTo
size,height,RelatedTo
size,weight,RelatedTo
skin,body,RelatedTo
skin,flesh,RelatedTo
skin,hair,RelatedTo
skirt,dress,RelatedTo
skull,brain,RelatedTo
skull,head,RelatedTo
sky,above,RelatedTo
sky,air,RelatedTo
sky,blue,RelatedTo
sky,cloud,RelatedTo
sky,cry,RelatedTo
sky,heaven,RelatedTo
sky,high,RelatedTo
sky,sun,RelatedTo
sky,up,RelatedTo
slap,hit,RelatedTo
slave,servant,RelatedTo
sleep,bed,RelatedTo
sleep,dream,RelatedTo
sleeve,arm,RelatedTo
slice,piece,RelatedTo
slip,fall,RelatedTo
slip,smooth,RelatedTo
slope,elevation,RelatedTo
slope,steep,RelatedTo
smart,clever,RelatedTo
smell,breathe,RelatedTo
smell,nose,RelatedTo
smell,sniff,RelatedTo
smell,taste,RelatedTo
smile,laugh,RelatedTo
smoke,ash,RelatedTo
smoke,burn,RelatedTo
smoke,burning,RelatedTo
smoke,chimney,RelatedTo
smoke,cloud,RelatedTo
smoke,dust,RelatedTo
smoke,fire,RelatedTo
smoke,flame,RelatedTo
smoke,fog,RelatedTo
smoke,give,RelatedTo
smoke,smell,RelatedTo
smoke,soot,RelatedTo
smoke,steam,RelatedTo
smoke,tobacco,RelatedTo
smooth,soft,RelatedTo
snail,shell,RelatedTo
snake,animal,RelatedTo
snake,long,RelatedTo
sneeze,cough,RelatedTo
snow,cold,RelatedTo
snow,frost,RelatedTo
snow,ice,RelatedTo
snow,winter,RelatedTo
soft,gentle,RelatedTo
soil,mud,RelatedTo
soldier,army,RelatedTo
some,few,RelatedTo
son,boy,RelatedTo
son,child,RelatedTo
son,daughter,RelatedTo
son,male,RelatedTo
son,man,RelatedTo
son,young,RelatedTo
song,dance,RelatedTo
song,music,RelatedTo
song,sing,RelatedTo
song,voice,RelatedTo
soot,dirt,RelatedTo
soot,smoke,RelatedTo
soul,body,RelatedTo
soul,heart,RelatedTo
soul,mind,RelatedTo
soup,meal,RelatedTo
soup,water,RelatedTo
soup,wet,RelatedTo
sour,new,RelatedTo
south,north,RelatedTo
sow,boar,RelatedTo
sow,pig,RelatedTo
space,area,RelatedTo
space,between,RelatedTo
space,earth,RelatedTo
space,gap,RelatedTo
space,place,RelatedTo
spade,shovel,RelatedTo
sparrow,bird,RelatedTo
speech,language,RelatedTo
speech,speak,RelatedTo
speech,talk,RelatedTo
sperm,seed,RelatedTo
spider,insect,RelatedTo
spirit,ghost,RelatedTo
split,cut,RelatedTo
split,divide,RelatedTo
split,pull,RelatedTo
spoon,fork,RelatedTo
spoon,ladle,RelatedTo
spring,well,RelatedTo
stallion,foal,RelatedTo
stallion,mare,RelatedTo
star,light,RelatedTo
star,sun,RelatedTo
start,begin,RelatedTo
state,country,RelatedTo
statue,idol,RelatedTo
steal,rob,RelatedTo
steam,fog,RelatedTo
steam,smoke,RelatedTo
steel,iron,RelatedTo
step,go,RelatedTo
step,move,RelatedTo
step,walk,RelatedTo
stick,tree,RelatedTo
stick,twig,RelatedTo
stick,wood,RelatedTo
sting,bite,RelatedTo
stomach,belly,RelatedTo
stomach,food,RelatedTo
stomach,intestines,RelatedTo
stone,rock,RelatedTo
stool,chair,RelatedTo
stool,table,RelatedTo
store,market,RelatedTo
storm,bad,RelatedTo
storm,lightning,RelatedTo
storm,thunder,RelatedTo
storm,weather,RelatedTo
storm,wind,RelatedTo
story,news,RelatedTo
stove,oven,RelatedTo
street,path,RelatedTo
street,road,RelatedTo
strength,power,RelatedTo
stretch,pull,RelatedTo
string,thread,RelatedTo
sugar,sweet,RelatedTo
summer,autumn,RelatedTo
summer,hot,RelatedTo
summer,springtime,RelatedTo
summer,sun,RelatedTo
summer,time,RelatedTo
summer,warm,RelatedTo
summer,winter,RelatedTo
summer,year,RelatedTo
sun,big,RelatedTo
sun,day,RelatedTo
sun,earth,RelatedTo
sun,fire,RelatedTo
sun,give,RelatedTo
sun,hot,RelatedTo
sun,light,RelatedTo
sun,moon,RelatedTo
sun,sky,RelatedTo
sun,star,RelatedTo
surrender,defeat,RelatedTo
surrender,give,RelatedTo
swallow,drink,RelatedTo
swallow,eat,RelatedTo
swarm,flock,RelatedTo
sweep,broom,RelatedTo
sweet,candy,RelatedTo
sweet,taste,RelatedTo
swim,dive,RelatedTo
swim,float,RelatedTo
swim,splash,RelatedTo
swim,walk,RelatedTo
swim,water,RelatedTo
sword,knife,RelatedTo
sword,sharp,RelatedTo
table,chair,RelatedTo
table,meal,RelatedTo
tail,animal,RelatedTo
tail,hair,RelatedTo
talk,chat,RelatedTo
talk,conversation,RelatedTo
talk,say,RelatedTo
talk,speak,RelatedTo
talk,speech,RelatedTo
taste,bite,RelatedTo
taste,eat,RelatedTo
taste,feel,RelatedTo
taste,food,RelatedTo
taste,lick,RelatedTo
taste,smell,RelatedTo
taste,sweet,RelatedTo
taste,touch,RelatedTo
taste,try,RelatedTo
tax,pay,RelatedTo
tax,wages,RelatedTo
tear,cry,RelatedTo
tear,cut,RelatedTo
tear,water,RelatedTo
tell,say,RelatedTo
temple,church,RelatedTo
temple,house,RelatedTo
ten,nine,RelatedTo
tent,house,RelatedTo
tent,hut,RelatedTo
that,this,RelatedTo
thaw,melt,RelatedTo
their,they,RelatedTo
there,here,RelatedTo
they,their,RelatedTo
thick,wide,RelatedTo
thief,steal,RelatedTo
thing,person,RelatedTo
thing,place,RelatedTo
think,mind,RelatedTo
think,thought,RelatedTo
this,that,RelatedTo
thorn,sharp,RelatedTo
thought,mind,RelatedTo
thought,think,RelatedTo
thread,string,RelatedTo
three,four,RelatedTo
three,third,RelatedTo
three,two,RelatedTo
throat,mouth,RelatedTo
throat,neck,RelatedTo
throat,tube,RelatedTo
thumb,big,RelatedTo
thumb,finger,RelatedTo
thumb,hand,RelatedTo
thumb,toe,RelatedTo
thunder,bolt,RelatedTo
thunder,cloud,RelatedTo
thunder,dark,RelatedTo
thunder,lightning,RelatedTo
thunder,roar,RelatedTo
thunder,sky,RelatedTo
thunder,storm,RelatedTo
tide,sea,RelatedTo
tide,wave,RelatedTo
tie,knot,RelatedTo
tie,wrap,RelatedTo
time,age,RelatedTo
time,clock,RelatedTo
time,day,RelatedTo
time,hour,RelatedTo
time,month,RelatedTo
time,when,RelatedTo
toad,frog,RelatedTo
tobacco,cigarette,RelatedTo
tobacco,leaf,RelatedTo
tobacco,pipe,RelatedTo
tobacco,smoke,RelatedTo
toe,finger,RelatedTo
toe,foot,RelatedTo
toe,thumb,RelatedTo
tomorrow,yesterday,RelatedTo
tongue,mouth,RelatedTo
tooth,bone,RelatedTo
tooth,mouth,RelatedTo
top,above,RelatedTo
top,high,RelatedTo
top,side,RelatedTo
top,up,RelatedTo
tortoise,turtle,RelatedTo
touch,feel,RelatedTo
touch,hold,RelatedTo
touch,taste,RelatedTo
town,village,RelatedTo
tree,bark,RelatedTo
tree,forest,RelatedTo
tree,leaf,RelatedTo
tree,oak,RelatedTo
tree,plant,RelatedTo
tree,wood,RelatedTo
trough,ditch,RelatedTo
true,correct,RelatedTo
tumble,fall,RelatedTo
tumble,roll,RelatedTo
turn,change,RelatedTo
turn,go,RelatedTo
turn,move,RelatedTo
turn,round,RelatedTo
turn,spin,RelatedTo
turn,twist,RelatedTo
turtle,tortoise,RelatedTo
turtle,water,RelatedTo
twig,branch,RelatedTo
twig,stick,RelatedTo
twig,tree,RelatedTo
twist,bend,RelatedTo
twist,roll,RelatedTo
twist,spin,RelatedTo
twist,turn,RelatedTo
two,four,RelatedTo
two,one,RelatedTo
two,pair,RelatedTo
two,second,RelatedTo
two,twice,RelatedTo
uncle,aunt,RelatedTo
uncle,brother,RelatedTo
uncle,father,RelatedTo
understand,explain,RelatedTo
up,above,RelatedTo
up,north,RelatedTo
up,top,RelatedTo
vehicle,car,RelatedTo
very,much,RelatedTo
village,country,RelatedTo
village,people,RelatedTo
village,town,RelatedTo
vine,grape,RelatedTo
vine,plant,RelatedTo
voice,language,RelatedTo
voice,mouth,RelatedTo
voice,noise,RelatedTo
voice,say,RelatedTo
voice,sing,RelatedTo
voice,speak,RelatedTo
voice,speech,RelatedTo
voice,throat,RelatedTo
voice,tone,RelatedTo
waist,belt,RelatedTo
waist,body,RelatedTo
waist,hip,RelatedTo
waist,middle,RelatedTo
waist,stomach,RelatedTo
walk,crawl,RelatedTo
walk,go,RelatedTo
walk,leg,RelatedTo
walk,move,RelatedTo
walk,road,RelatedTo
walk,run,RelatedTo
walk,step,RelatedTo
wall,fence,RelatedTo
wall,room,RelatedTo
wall,side,RelatedTo
want,desire,RelatedTo
want,need,RelatedTo
war,battle,RelatedTo
warm,hot,RelatedTo
wash,bathe,RelatedTo
wash,clean,RelatedTo
wash,cloth,RelatedTo
wash,dog,RelatedTo
wash,rinse,RelatedTo
wash,wet,RelatedTo
wash,wipe,RelatedTo
wasp,bee,RelatedTo
watch,look,RelatedTo
watch,see,RelatedTo
water,beverage,RelatedTo
water,drink,RelatedTo
water,lake,RelatedTo
water,rain,RelatedTo
water,river,RelatedTo
water,sea,RelatedTo
water,two,RelatedTo
water,wet,RelatedTo
wave,current,RelatedTo
wave,foam,RelatedTo
wave,tide,RelatedTo
wear,clothes,RelatedTo
wear,put,RelatedTo
weather,air,RelatedTo
weather,day,RelatedTo
weather,rain,RelatedTo
weather,season,RelatedTo
weather,sky,RelatedTo
weather,storm,RelatedTo
weather,sun,RelatedTo
weather,time,RelatedTo
weather,wind,RelatedTo
wedding,marry,RelatedTo
week,friday,RelatedTo
week,saturday,RelatedTo
week,seven,RelatedTo
week,sunday,RelatedTo
weigh,heavy,RelatedTo
weigh,measure,RelatedTo
weight,heavy,RelatedTo
weight,size,RelatedTo
well,hole,RelatedTo
wet,water,RelatedTo
whale,blow,RelatedTo
whale,dolphin,RelatedTo
what,when,RelatedTo
what,where,RelatedTo
wheat,flour,RelatedTo
wheat,grain,RelatedTo
wheat,white,RelatedTo
wheel,circle,RelatedTo
wheel,round,RelatedTo
when,if,RelatedTo
when,time,RelatedTo
when,what,RelatedTo
where,what,RelatedTo
where,when,RelatedTo
where,which,RelatedTo
where,whither,RelatedTo
where,who,RelatedTo
white,cloud,RelatedTo
why,because,RelatedTo
why,how,RelatedTo
wide,broad,RelatedTo
wide,long,RelatedTo
wife,female,RelatedTo
wife,husband,RelatedTo
wife,woman,RelatedTo
wind,air,RelatedTo
wind,blow,RelatedTo
wind,cold,RelatedTo
wind,storm,RelatedTo
wind,weather,RelatedTo
window,door,RelatedTo
window,glass,RelatedTo
window,hole,RelatedTo
wine,alcohol,RelatedTo
wine,beer,RelatedTo
wine,beverage,RelatedTo
wine,grape,RelatedTo
wine,liquor,RelatedTo
wing,arm,RelatedTo
wing,feather,RelatedTo
winter,autumn,RelatedTo
winter,cold,RelatedTo
winter,snow,RelatedTo
winter,summer,RelatedTo
wire,copper,RelatedTo
wise,manner,RelatedTo
wise,old,RelatedTo
wolf,animal,RelatedTo
wolf,fox,RelatedTo
woman,female,RelatedTo
woman,girl,RelatedTo
woman,person,RelatedTo
womb,belly,RelatedTo
womb,pregnant,RelatedTo
womb,stomach,RelatedTo
wood,bird,RelatedTo
wood,board,RelatedTo
wood,fire,RelatedTo
wood,forest,RelatedTo
wood,plant,RelatedTo
wood,stick,RelatedTo
wood,tree,RelatedTo
wood,year,RelatedTo
wool,cloth,RelatedTo
wool,cotton,RelatedTo
wool,fur,RelatedTo
wool,hair,RelatedTo
wool,sheep,RelatedTo
word,language,RelatedTo
word,paper,RelatedTo
word,say,RelatedTo
word,speech,RelatedTo
work,business,RelatedTo
work,do,RelatedTo
work,earn,RelatedTo
work,make,RelatedTo
world,earth,RelatedTo
world,place,RelatedTo
worm,bait,RelatedTo
worm,caterpillar,RelatedTo
worm,insect,RelatedTo
worm,snake,RelatedTo
wound,bad,RelatedTo
wound,bruise,RelatedTo
wound,cut,RelatedTo
wound,damage,RelatedTo
wound,pain,RelatedTo
wound,scar,RelatedTo
wrap,cover,RelatedTo
write,book,RelatedTo
write,make,RelatedTo
yard,garden,RelatedTo
yard,house,RelatedTo
yawn,tired,RelatedTo
year,age,RelatedTo
year,day,RelatedTo
year,sun,RelatedTo
year,time,RelatedTo
yellow,banana,RelatedTo
yellow,ripe,RelatedTo
yoke,horse,RelatedTo
yolk,egg,RelatedTo
yolk,yellow,RelatedTo
your,you,RelatedTo
zero,nothing,RelatedTo
he,she,SimilarTo
moustache,beard,SimilarTo
she,he,SimilarTo
where,there,SimilarTo
after,behind,Synonym
at,in,Synonym
at,in,Synonym
at,in,Synonym
at,in,Synonym
at,i,Synonym
boil,boil,Synonym
burn,burn,Synonym
cause,because,Synonym
day,day,Synonym
earth,earth,Synonym
fat,fat,Synonym
fear,fear,Synonym
four,fire,Synonym
four,fire,Synonym
hair,hair,Synonym
he,son,Synonym
if,at,Synonym
in,i,Synonym
in,i,Synonym
in,i,Synonym
in,i,Synonym
inside,in,Synonym
knife,knife,Synonym
land,land,Synonym
land,land,Synonym
land,land,Synonym
land,land,Synonym
lead,lead,Synonym
leaf,leaf,Synonym
light,light,Synonym
or,no,Synonym
person,person,Synonym
plant,plant,Synonym
plough,plough,Synonym
rain,rain,Synonym
sieve,sieve,Synonym
skin,skin,Synonym
sleep,sleep,Synonym
spear,spear,Synonym
start,begin,Synonym
that,at,Synonym
that,at,Synonym
that,at,Synonym
this,at,Synonym
thou,you,Synonym
three,tree,Synonym
thunder,thunder,Synonym
tree,tree,Synonym
what,which,Synonym
yes,no,Synonym
yes,no,Synonym
broom,sweep,UsedFor
cloth,clothes,UsedFor
clothes,dress,UsedFor
cloud,rain,UsedFor
cloud,thunder,UsedFor
cotton,thread,UsedFor
dish,food,UsedFor
food,eat,UsedFor
hair,fur,UsedFor
hammer,pound,UsedFor
home,family,UsedFor
house,family,UsedFor
ice,cold,UsedFor
meat,food,UsedFor
mouth,speak,UsedFor
needle,sew,UsedFor
nose,face,UsedFor
paint,painting,UsedFor
pill,medicine,UsedFor
queen,king,UsedFor
ring,finger,UsedFor
saw,cut,UsedFor
sky,rain,UsedFor
sky,sun,UsedFor
soldier,guard,UsedFor
song,sing,UsedFor
soul,life,UsedFor
study,read,UsedFor
sun,light,UsedFor
tree,fruit,UsedFor
tree,wood,UsedFor
try,do,UsedFor
voice,shout,UsedFor
voice,sing,UsedFor
water,drink,UsedFor
wheat,flour,UsedFor
