afternoon,evening,Antonym
age,old,Antonym
age,young,Antonym
always,never,Antonym
answer,ask,Antonym
arrow,bow,Antonym
ask,answer,Antonym
attack,defend,Antonym
aunt,uncle,Antonym
aunt,niece,Antonym
aunt,uncle,Antonym
because,why,Antonym
bed,sleep,Antonym
before,after,Antonym
before,after,Antonym
behind,before,Antonym
bird,animal,Antonym
bird,fish,Antonym
bite,chew,Antonym
blow,breathe,Antonym
blue,green,Antonym
boat,ship,Antonym
branch,twig,Antonym
breakfast,dinner,Antonym
bring,give,Antonym
bring,take,Antonym
bring,take,Antonym
bury,dig,Antonym
butterfly,moth,Antonym
buy,sell,Antonym
buy,steal,Antonym
buy,sell,Antonym
calm,rough,Antonym
car,bus,Antonym
carry,drag,Antonym
carry,put,Antonym
carry,borrow,Antonym
chicken,egg,Antonym
chicken,rooster,Antonym
cloud,rain,Antonym
come,leave,Antonym
come,leave,Antonym
cotton,silk,Antonym
country,state,Antonym
cousin,sibling,Antonym
cow,bull,Antonym
cow,bull,Antonym
crowd,people,Antonym
daughter,boy,Antonym
day,night,Antonym
defeat,victory,Antonym
defeat,victory,Antonym
dog,cat,Antonym
door,window,Antonym
earth,space,Antonym
east,west,Antonym
eat,drink,Antonym
edge,corner,Antonym
elbow,knee,Antonym
eye,ear,Antonym
eye,you,Antonym
fall,climb,Antonym
fall,stand,Antonym
fast,light,Antonym
father,mother,Antonym
feel,think,Antonym
finger,thumb,Antonym
get,give,Antonym
girl,boy,Antonym
glass,cup,Antonym
go,come,Antonym
go,come,Antonym
go,come,Antonym
gold,silver,Antonym
grandfather,grandchild,Antonym
grandmother,granddaughter,Antonym
grandmother,grandfather,Antonym
grandson,granddaughter,Antonym
guest,host,Antonym
he,she,Antonym
head,point,Antonym
hear,see,Antonym
hear,speak,Antonym
heavy,weight,Antonym
horse,donkey,Antonym
how,why,Antonym
husband,wife,Antonym
husband,wife,Antonym
join,split,Antonym
join,meet,Antonym
king,queen,Antonym
lake,ocean,Antonym
lake,sea,Antonym
leaf,branch,Antonym
leaf,flower,Antonym
learn,teach,Antonym
learn,teach,Antonym
learn,teach,Antonym
leave,arrive,Antonym
leave,enter,Antonym
leave,remain,Antonym
left,right,Antonym
left,right,Antonym
left,right,Antonym
left,right,Antonym
lend,borrow,Antonym
lift,put,Antonym
lunch,dinner,Antonym
man,boy,Antonym
man,boy,Antonym
medicine,poison,Antonym
morning,night,Antonym
mountain,hill,Antonym
nephew,niece,Antonym
nephew,niece,Antonym
nephew,uncle,Antonym
no,yes,Antonym
no,yes,Antonym
noise,tone,Antonym
north,south,Antonym
north,south,Antonym
north,south,Antonym
north,south,Antonym
nose,smell,Antonym
one,two,Antonym
onion,garlic,Antonym
open,close,Antonym
open,close,Antonym
paint,brush,Antonym
pay,sell,Antonym
people,person,Antonym
person,animal,Antonym
physician,nurse,Antonym
place,time,Antonym
plaintiff,defendant,Antonym
plant,tree,Antonym
pupil,teacher,Antonym
ride,drive,Antonym
river,creek,Antonym
river,lake,Antonym
river,sea,Antonym
river,stream,Antonym
rub,scratch,Antonym
saucer,cup,Antonym
sea,ocean,Antonym
sheep,goat,Antonym
sheep,lamb,Antonym
show,tell,Antonym
side,back,Antonym
side,top,Antonym
sister,brother,Antonym
sister,brother,Antonym
sit,stand,Antonym
smell,hear,Antonym
smell,taste,Antonym
sneeze,yawn,Antonym
son,daughter,Antonym
son,daughter,Antonym
son,daughter,Antonym
soul,body,Antonym
sour,sweet,Antonym
spoon,fork,Antonym
steal,donate,Antonym
stepson,stepdaughter,Antonym
stick,twig,Antonym
stretch,squeeze,Antonym
sun,moon,Antonym
swim,walk,Antonym
table,chair,Antonym
take,give,Antonym
take,give,Antonym
taste,smell,Antonym
tell,ask,Antonym
thou,you,Antonym
thunder,lightning,Antonym
time,month,Antonym
time,year,Antonym
toe,finger,Antonym
tomorrow,yesterday,Antonym
tomorrow,yesterday,Antonym
touch,feel,Antonym
turn,twist,Antonym
twist,bend,Antonym
walk,ride,Antonym
walk,rub,Antonym
walk,run,Antonym
walk,sit,Antonym
walk,run,Antonym
want,need,Antonym
wash,rinse,Antonym
white,black,Antonym
white,black,Antonym
wind,air,Antonym
wind,fire,Antonym
wine,beer,Antonym
winter,summer,Antonym
wool,cotton,Antonym
work,do,Antonym
alcohol,beer,AtLocation
arm,chair,AtLocation
battle,war,AtLocation
bay,lake,AtLocation
bird,tree,AtLocation
boundary,country,AtLocation
bowl,table,AtLocation
chest,body,AtLocation
child,family,AtLocation
cloth,clothes,AtLocation
corpse,grave,AtLocation
country,world,AtLocation
dust,floor,AtLocation
earth,ground,AtLocation
earth,space,AtLocation
enemy,war,AtLocation
family,house,AtLocation
feather,bird,AtLocation
field,country,AtLocation
finger,ring,AtLocation
fire,fireplace,AtLocation
food,stomach,AtLocation
foot,shoe,AtLocation
forest,country,AtLocation
god,heaven,AtLocation
grape,garden,AtLocation
hair,skin,AtLocation
honey,beehive,AtLocation
ice,glass,AtLocation
letter,mail,AtLocation
market,town,AtLocation
meal,dinner,AtLocation
meat,animal,AtLocation
mouth,nose,AtLocation
news,newspaper,AtLocation
place,area,AtLocation
plant,pot,AtLocation
rain,weather,AtLocation
river,waterfall,AtLocation
sea,ocean,AtLocation
skin,body,AtLocation
sky,air,AtLocation
sky,day,AtLocation
soul,body,AtLocation
stick,tree,AtLocation
toe,foot,AtLocation
town,country,AtLocation
town,state,AtLocation
village,world,AtLocation
voice,mouth,AtLocation
voice,song,AtLocation
water,drink,AtLocation
water,juice,AtLocation
water,lake,AtLocation
water,river,AtLocation
water,stream,AtLocation
wet,water,AtLocation
wool,sheep,AtLocation
word,book,AtLocation
yard,house,AtLocation
yard,outside,AtLocation
yolk,egg,AtLocation
bee,fly,CapableOf
chimney,smoke,CapableOf
fire,burn,CapableOf
fire,heat,CapableOf
person,shave,CapableOf
shit,faeces,CapableOf
thief,steal,CapableOf
time,age,CapableOf
boil,boil,Causes
break,break,Causes
break,break,Causes
burn,burn,Causes
change,change,Causes
end,end,Causes
famine,hunger,Causes
fire,heat,Causes
fire,smoke,Causes
flow,run,Causes
land,land,Causes
move,move,Causes
open,open,Causes
open,open,Causes
sun,light,Causes
work,work,Causes
food,eat,CausesDesire
love,kiss,CausesDesire
mind,thought,CreatedBy
penis,vagina,CreatedBy
earth,world,DefinedAs
answer,swear,DerivedFrom
anthill,hill,DerivedFrom
backward,back,DerivedFrom
beeswax,bee,DerivedFrom
burning,burn,DerivedFrom
darkness,dark,DerivedFrom
darkness,dark,DerivedFrom
darkness,dark,DerivedFrom
dirty,dirt,DerivedFrom
dirty,dirt,DerivedFrom
fingernail,nail,DerivedFrom
fingernail,nail,DerivedFrom
firewood,wood,DerivedFrom
grandfather,father,DerivedFrom
grandmother,mother,DerivedFrom
grandmother,mother,DerivedFrom
kneel,knee,DerivedFrom
mainland,land,DerivedFrom
mainland,land,DerivedFrom
midday,day,DerivedFrom
nostril,nose,DerivedFrom
only,one,DerivedFrom
pitchfork,fork,DerivedFrom
prisoner,prison,DerivedFrom
prisoner,prison,DerivedFrom
salty,salt,DerivedFrom
stepfather,father,DerivedFrom
stepfather,father,DerivedFrom
stepmother,mother,DerivedFrom
stepmother,mother,DerivedFrom
today,day,DerivedFrom
which,who,DerivedFrom
widower,widow,DerivedFrom
cat,eat,Desires
dog,eat,Desires
person,sweet,Desires
afternoon,evening,DistinctFrom
age,young,DistinctFrom
always,never,DistinctFrom
and,if,DistinctFrom
and,or,DistinctFrom
attack,defend,DistinctFrom
aunt,uncle,DistinctFrom
before,after,DistinctFrom
behind,before,DistinctFrom
bird,animal,DistinctFrom
blood,water,DistinctFrom
blue,green,DistinctFrom
blue,purple,DistinctFrom
boat,raft,DistinctFrom
boat,ship,DistinctFrom
branch,twig,DistinctFrom
bring,take,DistinctFrom
buy,sell,DistinctFrom
buy,steal,DistinctFrom
car,bus,DistinctFrom
chicken,rooster,DistinctFrom
circle,ball,DistinctFrom
country,state,DistinctFrom
cow,bull,DistinctFrom
day,night,DistinctFrom
defeat,victory,DistinctFrom
dog,cat,DistinctFrom
door,window,DistinctFrom
east,south,DistinctFrom
east,west,DistinctFrom
east,south,DistinctFrom
eat,drink,DistinctFrom
edge,corner,DistinctFrom
eight,nine,DistinctFrom
eye,ear,DistinctFrom
father,mother,DistinctFrom
fever,cold,DistinctFrom
finger,thumb,DistinctFrom
fish,meat,DistinctFrom
girl,boy,DistinctFrom
girl,woman,DistinctFrom
girl,boy,DistinctFrom
girl,son,DistinctFrom
glass,cup,DistinctFrom
gold,silver,DistinctFrom
grandmother,grandfather,DistinctFrom
ground,floor,DistinctFrom
he,it,DistinctFrom
he,she,DistinctFrom
hear,listen,DistinctFrom
hear,see,DistinctFrom
hear,smell,DistinctFrom
how,what,DistinctFrom
how,where,DistinctFrom
how,why,DistinctFrom
husband,wife,DistinctFrom
i,me,DistinctFrom
if,when,DistinctFrom
iron,steel,DistinctFrom
king,queen,DistinctFrom
know,right,DistinctFrom
lake,ocean,DistinctFrom
lake,pond,DistinctFrom
lake,sea,DistinctFrom
learn,teach,DistinctFrom
leave,arrive,DistinctFrom
left,right,DistinctFrom
leg,toe,DistinctFrom
man,boy,DistinctFrom
man,boy,DistinctFrom
mind,brain,DistinctFrom
morning,day,DistinctFrom
morning,night,DistinctFrom
mountain,hill,DistinctFrom
my,our,DistinctFrom
my,their,DistinctFrom
my,your,DistinctFrom
nephew,niece,DistinctFrom
no,yes,DistinctFrom
north,south,DistinctFrom
north,south,DistinctFrom
one,two,DistinctFrom
person,animal,DistinctFrom
person,man,DistinctFrom
plant,flower,DistinctFrom
ride,drive,DistinctFrom
river,lake,DistinctFrom
river,ocean,DistinctFrom
river,stream,DistinctFrom
road,street,DistinctFrom
rub,scratch,DistinctFrom
sea,ocean,DistinctFrom
second,third,DistinctFrom
she,it,DistinctFrom
sheep,goat,DistinctFrom
sheep,lamb,DistinctFrom
side,back,DistinctFrom
side,top,DistinctFrom
sister,brother,DistinctFrom
sister,brother,DistinctFrom
sit,stand,DistinctFrom
size,weight,DistinctFrom
smell,hear,DistinctFrom
smell,taste,DistinctFrom
snow,ice,DistinctFrom
son,daughter,DistinctFrom
sour,sweet,DistinctFrom
stepfather,stepmother,DistinctFrom
stone,rock,DistinctFrom
stove,oven,DistinctFrom
sun,moon,DistinctFrom
sun,moon,DistinctFrom
table,chair,DistinctFrom
take,give,DistinctFrom
taste,hear,DistinctFrom
taste,smell,DistinctFrom
taste,touch,DistinctFrom
they,he,DistinctFrom
they,it,DistinctFrom
they,we,DistinctFrom
they,she,DistinctFrom
they,you,DistinctFrom
thunder,lightning,DistinctFrom
toe,finger,DistinctFrom
tomorrow,yesterday,DistinctFrom
walk,run,DistinctFrom
want,need,DistinctFrom
we,you,DistinctFrom
what,where,DistinctFrom
where,who,DistinctFrom
where,who,DistinctFrom
white,black,DistinctFrom
white,black,DistinctFrom
wine,beer,DistinctFrom
winter,summer,DistinctFrom
wool,cotton,DistinctFrom
yellow,blue,DistinctFrom
burn,burn,Entails
canoe,paddle,Entails
dream,sleep,Entails
eat,chew,Entails
hoe,dig,Entails
leave,die,Entails
push,move,Entails
push,press,Entails
share,separate,Entails
study,read,Entails
thunder,storm,Entails
walk,step,Entails
wash,rinse,Entails
ask,ask,EtymologicallyDerivedFrom
arrive,land,EtymologicallyRelatedTo
ask,ask,EtymologicallyRelatedTo
beeswax,bee,EtymologicallyRelatedTo
cause,because,EtymologicallyRelatedTo
death,die,EtymologicallyRelatedTo
drive,drive,EtymologicallyRelatedTo
drive,drive,EtymologicallyRelatedTo
edge,egg,EtymologicallyRelatedTo
edge,egg,EtymologicallyRelatedTo
fast,hard,EtymologicallyRelatedTo
fat,fat,EtymologicallyRelatedTo
female,woman,EtymologicallyRelatedTo
follow,full,EtymologicallyRelatedTo
frost,freeze,EtymologicallyRelatedTo
full,fill,EtymologicallyRelatedTo
good,god,EtymologicallyRelatedTo
good,god,EtymologicallyRelatedTo
how,who,EtymologicallyRelatedTo
how,why,EtymologicallyRelatedTo
i,in,EtymologicallyRelatedTo
kid,child,EtymologicallyRelatedTo
land,land,EtymologicallyRelatedTo
land,land,EtymologicallyRelatedTo
land,land,EtymologicallyRelatedTo
land,land,EtymologicallyRelatedTo
last,last,EtymologicallyRelatedTo
last,last,EtymologicallyRelatedTo
last,last,EtymologicallyRelatedTo
lead,lead,EtymologicallyRelatedTo
leaf,leaf,EtymologicallyRelatedTo
lung,light,EtymologicallyRelatedTo
moon,month,EtymologicallyRelatedTo
my,me,EtymologicallyRelatedTo
new,now,EtymologicallyRelatedTo
now,no,EtymologicallyRelatedTo
now,no,EtymologicallyRelatedTo
open,open,EtymologicallyRelatedTo
open,open,EtymologicallyRelatedTo
paddle,spade,EtymologicallyRelatedTo
ring,ring,EtymologicallyRelatedTo
ring,ring,EtymologicallyRelatedTo
ring,ring,EtymologicallyRelatedTo
ring,ring,EtymologicallyRelatedTo
shirt,skirt,EtymologicallyRelatedTo
skin,hide,EtymologicallyRelatedTo
smoke,smoke,EtymologicallyRelatedTo
spear,spear,EtymologicallyRelatedTo
they,that,EtymologicallyRelatedTo
they,this,EtymologicallyRelatedTo
tide,time,EtymologicallyRelatedTo
today,day,EtymologicallyRelatedTo
trap,trap,EtymologicallyRelatedTo
we,we,EtymologicallyRelatedTo
week,weak,EtymologicallyRelatedTo
wet,water,EtymologicallyRelatedTo
wheat,white,EtymologicallyRelatedTo
where,who,EtymologicallyRelatedTo
you,your,EtymologicallyRelatedTo
burning,burn,FormOf
burning,burn,FormOf
cause,because,FormOf
cooked,cook,FormOf
cooked,cook,FormOf
father,mother,FormOf
people,person,FormOf
temples,temple,FormOf
temples,temple,FormOf
blood,water,HasA
face,nose,HasA
family,descendants,HasA
fruit,sugar,HasA
grass,cut,HasA
house,roof,HasA
leg,foot,HasA
people,parents,HasA
people,person,HasA
wine,alcohol,HasA
believe,religion,HasContext
hook,bridge,HasContext
hook,bridge,HasContext
sing,music,HasContext
speech,language,HasContext
throw,bridge,HasContext
dream,sleep,HasFirstSubevent
study,read,HasFirstSubevent
cook,stir,HasLastSubevent
die,die,HasLastSubevent
eat,chew,HasLastSubevent
fall,land,HasLastSubevent
itch,scratch,HasLastSubevent
dream,sleep,HasPrerequisite
fall,slip,HasPrerequisite
fire,heat,HasPrerequisite
get,buy,HasPrerequisite
get,give,HasPrerequisite
get,steal,HasPrerequisite
hear,listen,HasPrerequisite
kiss,embrace,HasPrerequisite
learn,read,HasPrerequisite
learn,study,HasPrerequisite
remember,awake,HasPrerequisite
see,look,HasPrerequisite
think,think,HasPrerequisite
understand,think,HasPrerequisite
wind,air,HasPrerequisite
day,light,HasProperty
egg,white,HasProperty
ice,cold,HasProperty
pain,painful,HasProperty
rain,water,HasProperty
sky,blue,HasProperty
sky,up,HasProperty
small,narrow,HasProperty
yolk,yellow,HasProperty
dream,sleep,HasSubevent
eat,chew,HasSubevent
fall,land,HasSubevent
kiss,embrace,HasSubevent
laugh,smile,HasSubevent
learn,study,HasSubevent
love,kiss,HasSubevent
sleep,dream,HasSubevent
speak,talk,HasSubevent
study,read,HasSubevent
walk,move,HasSubevent
adobe,brick,IsA
adobe,clay,IsA
alcohol,beverage,IsA
arson,burning,IsA
baby,child,IsA
bake,cook,IsA
beak,nose,IsA
beard,hair,IsA
beard,hair,IsA
beech,tree,IsA
beech,tree,IsA
beer,beverage,IsA
beer,beverage,IsA
bird,animal,IsA
bird,eagle,IsA
bird,animal,IsA
blood,red,IsA
boar,pig,IsA
boat,ship,IsA
boot,shoe,IsA
boot,shoe,IsA
boot,shoe,IsA
bowl,dish,IsA
breath,air,IsA
brother,friend,IsA
calf,cow,IsA
candle,light,IsA
candle,lamp,IsA
canoe,boat,IsA
canoe,ship,IsA
canoe,boat,IsA
car,machine,IsA
car,vehicle,IsA
cattle,bovine,IsA
cease,end,IsA
chain,necklace,IsA
chicken,bird,IsA
chicken,bird,IsA
citizen,person,IsA
club,stick,IsA
cotton,thread,IsA
count,number,IsA
country,area,IsA
dandruff,scale,IsA
daughter,child,IsA
dolphin,fish,IsA
dolphin,fish,IsA
drip,flow,IsA
edge,side,IsA
edge,boundary,IsA
fat,fat,IsA
father,man,IsA
fingernail,nail,IsA
fingernail,nail,IsA
finish,end,IsA
fire,fireplace,IsA
fish,meat,IsA
flame,fire,IsA
floor,land,IsA
foal,horse,IsA
foal,horse,IsA
foal,horse,IsA
foot,bottom,IsA
forest,land,IsA
fowl,bird,IsA
fowl,animal,IsA
frost,freeze,IsA
frost,ice,IsA
ghost,spirit,IsA
girl,female,IsA
girl,child,IsA
girl,child,IsA
girl,child,IsA
girl,child,IsA
girl,woman,IsA
go,move,IsA
granddaughter,grandchild,IsA
granddaughter,grandchild,IsA
granddaughter,grandchild,IsA
grandson,grandchild,IsA
grandson,grandchild,IsA
grandson,grandchild,IsA
grind,crush,IsA
hair,hair,IsA
head,top,IsA
head,point,IsA
heart,courage,IsA
heel,bottom,IsA
helmet,headgear,IsA
hen,chicken,IsA
hen,bird,IsA
hen,chicken,IsA
hen,chicken,IsA
house,home,IsA
husband,man,IsA
insect,animal,IsA
iron,tool,IsA
island,land,IsA
island,land,IsA
island,land,IsA
kettle,pot,IsA
kettle,pot,IsA
kid,goat,IsA
kid,goat,IsA
kid,goat,IsA
lagoon,lake,IsA
letter,character,IsA
lightning,electricity,IsA
load,weight,IsA
love,like,IsA
mainland,land,IsA
mainland,land,IsA
man,male,IsA
man,male,IsA
man,male,IsA
mare,horse,IsA
mare,horse,IsA
mare,horse,IsA
meat,flesh,IsA
meat,flesh,IsA
mirror,glass,IsA
move,change,IsA
move,turn,IsA
mud,soil,IsA
mule,horse,IsA
murder,crime,IsA
nit,egg,IsA
nose,smell,IsA
nut,seed,IsA
nut,fruit,IsA
nut,fruit,IsA
nut,seed,IsA
ox,bull,IsA
paddle,oar,IsA
paddle,oar,IsA
pasture,grassland,IsA
pasture,grassland,IsA
people,parents,IsA
people,family,IsA
pinch,squeeze,IsA
plain,land,IsA
plate,dish,IsA
plate,dish,IsA
pot,pan,IsA
praise,worship,IsA
pumpkin,gourd,IsA
rain,water,IsA
rain,weather,IsA
ram,sheep,IsA
ram,sheep,IsA
ram,sheep,IsA
red,color,IsA
rib,bone,IsA
rib,bone,IsA
rib,bone,IsA
river,stream,IsA
river,stream,IsA
saucer,dish,IsA
saucer,dish,IsA
sausage,meat,IsA
season,weather,IsA
seed,fruit,IsA
side,area,IsA
side,line,IsA
skirt,dress,IsA
son,child,IsA
song,music,IsA
song,music,IsA
stallion,horse,IsA
stepfather,father,IsA
stepmother,mother,IsA
sun,star,IsA
sun,star,IsA
sun,star,IsA
sun,star,IsA
talk,conversation,IsA
today,day,IsA
tomorrow,day,IsA
tooth,bone,IsA
tortoise,turtle,IsA
tortoise,turtle,IsA
tree,wood,IsA
vine,plant,IsA
walk,path,IsA
wall,fence,IsA
water,beverage,IsA
wife,woman,IsA
wife,woman,IsA
wife,woman,IsA
wind,weather,IsA
wind,weather,IsA
wine,beverage,IsA
wine,beverage,IsA
wine,alcohol,IsA
wise,manner,IsA
wolf,animal,IsA
wolf,animal,IsA
woman,female,IsA
woman,female,IsA
wound,disease,IsA
wound,damage,IsA
year,day,IsA
yoke,pair,IsA
yolk,yellow,IsA
board,wood,MadeOf
crowd,people,MadeOf
money,paper,MadeOf
rain,water,MadeOf
sausage,meat,MadeOf
song,music,MadeOf
soup,water,MadeOf
stick,wood,MadeOf
tree,wood,MadeOf
wind,air,MadeOf
window,glass,MadeOf
admit,permit,MannerOf
answer,meet,MannerOf
bake,cook,MannerOf
beat,play,MannerOf
belly,swell,MannerOf
break,damage,MannerOf
build,make,MannerOf
burn,shine,MannerOf
bury,hide,MannerOf
buy,be,MannerOf
call,ask,MannerOf
call,read,MannerOf
canoe,boat,MannerOf
carry,drink,MannerOf
carry,hold,MannerOf
carve,cut,MannerOf
chop,strike,MannerOf
chop,strike,MannerOf
claw,scratch,MannerOf
close,fill,MannerOf
coat,dress,MannerOf
come,happen,MannerOf
come,arrive,MannerOf
come,become,MannerOf
cover,see,MannerOf
cover,hide,MannerOf
crouch,bend,MannerOf
cure,preserve,MannerOf
cut,fell,MannerOf
defend,prevent,MannerOf
defend,protect,MannerOf
destroy,kill,MannerOf
drive,drive,MannerOf
drive,move,MannerOf
earth,ground,MannerOf
feel,think,MannerOf
fill,repair,MannerOf
finish,end,MannerOf
flame,burn,MannerOf
follow,imitate,MannerOf
gather,pull,MannerOf
get,buy,MannerOf
get,destroy,MannerOf
get,hit,MannerOf
get,catch,MannerOf
give,permit,MannerOf
grind,dance,MannerOf
grow,increase,MannerOf
grow,cultivate,MannerOf
guard,protect,MannerOf
hold,think,MannerOf
hold,cover,MannerOf
ice,freeze,MannerOf
imitate,resemble,MannerOf
join,connect,MannerOf
keep,protect,MannerOf
knock,strike,MannerOf
know,recognize,MannerOf
know,remember,MannerOf
leave,change,MannerOf
lend,change,MannerOf
like,desire,MannerOf
love,like,MannerOf
lunch,eat,MannerOf
mind,remember,MannerOf
move,change,MannerOf
mow,cut,MannerOf
murder,kill,MannerOf
pour,rain,MannerOf
push,urge,MannerOf
push,move,MannerOf
push,press,MannerOf
remain,be,MannerOf
resemble,match,MannerOf
rise,grow,MannerOf
rise,grow,MannerOf
rob,steal,MannerOf
roll,tumble,MannerOf
run,leave,MannerOf
say,convey,MannerOf
say,read,MannerOf
see,think,MannerOf
shirt,dress,MannerOf
shoot,fire,MannerOf
shoot,hit,MannerOf
shoot,weave,MannerOf
shoot,kill,MannerOf
sit,be,MannerOf
smell,smell,MannerOf
spin,twist,MannerOf
stretch,pull,MannerOf
study,think,MannerOf
suck,drink,MannerOf
suck,draw,MannerOf
suspect,think,MannerOf
sweep,clean,MannerOf
sweep,wipe,MannerOf
take,buy,MannerOf
think,think,MannerOf
throw,put,MannerOf
throw,put,MannerOf
thunder,roar,MannerOf
tie,connect,MannerOf
tie,fasten,MannerOf
turn,change,MannerOf
turn,turn,MannerOf
turn,do,MannerOf
turn,change,MannerOf
untie,change,MannerOf
walk,traverse,MannerOf
wash,clean,MannerOf
weave,twist,MannerOf
weigh,count,MannerOf
weigh,measure,MannerOf
work,work,MannerOf
dream,sleep,MotivatedByGoal
sleep,dream,MotivatedByGoal
person,drink,NotDesires
plant,die,NotDesires
similar,same,NotHasProperty
acorn,oak,PartOf
acorn,oak,PartOf
acorn,oak,PartOf
age,life,PartOf
arm,chair,PartOf
bait,trap,PartOf
bark,tree,PartOf
battle,war,PartOf
battle,war,PartOf
brain,head,PartOf
child,family,PartOf
claw,paw,PartOf
collar,neck,PartOf
daughter,child,PartOf
day,day,PartOf
elbow,arm,PartOf
elbow,arm,PartOf
feather,bird,PartOf
foal,horse,PartOf
hand,arm,PartOf
hand,arm,PartOf
heel,foot,PartOf
hen,chicken,PartOf
jaw,mouth,PartOf
jaw,face,PartOf
letter,mail,PartOf
mare,horse,PartOf
morning,day,PartOf
mouth,face,PartOf
nape,neck,PartOf
news,newspaper,PartOf
nostril,nose,PartOf
nostril,nose,PartOf
penis,body,PartOf
rabbit,hare,PartOf
rain,weather,PartOf
root,hair,PartOf
season,year,PartOf
season,year,PartOf
skin,body,PartOf
skull,head,PartOf
soldier,army,PartOf
son,child,PartOf
throat,neck,PartOf
throat,neck,PartOf
tobacco,cigarette,PartOf
toe,foot,PartOf
toe,foot,PartOf
toe,foot,PartOf
water,sea,PartOf
wheel,bicycle,PartOf
wrist,arm,PartOf
yolk,egg,PartOf
cloth,cut,ReceivesAction
accuse,blame,RelatedTo
acorn,oak,RelatedTo
adjudicate,judge,RelatedTo
admit,permit,RelatedTo
admit,permit,RelatedTo
adobe,brick,RelatedTo
adobe,house,RelatedTo
adze,axe,RelatedTo
after,next,RelatedTo
afternoon,evening,RelatedTo
again,back,RelatedTo
again,back,RelatedTo
age,life,RelatedTo
age,old,RelatedTo
age,year,RelatedTo
age,young,RelatedTo
age,day,RelatedTo
age,hundred,RelatedTo
age,life,RelatedTo
age,old,RelatedTo
age,year,RelatedTo
alcohol,beer,RelatedTo
alcohol,beverage,RelatedTo
alcohol,beverage,RelatedTo
all,already,RelatedTo
all,always,RelatedTo
all,many,RelatedTo
already,before,RelatedTo
always,never,RelatedTo
always,often,RelatedTo
and,if,RelatedTo
and,not,RelatedTo
and,or,RelatedTo
anger,bad,RelatedTo
animal,deer,RelatedTo
ankle,foot,RelatedTo
ankle,heel,RelatedTo
ankle,knee,RelatedTo
answer,ask,RelatedTo
answer,swear,RelatedTo
anthill,termite,RelatedTo
anxiety,fear,RelatedTo
area,space,RelatedTo
arm,sleeve,RelatedTo
arm,branch,RelatedTo
armour,shield,RelatedTo
arrive,enter,RelatedTo
arrow,bow,RelatedTo
arrow,bow,RelatedTo
arrow,bow,RelatedTo
ash,charcoal,RelatedTo
ash,fire,RelatedTo
ash,fire,RelatedTo
ask,answer,RelatedTo
ask,beg,RelatedTo
ask,answer,RelatedTo
ask,invite,RelatedTo
attack,ambush,RelatedTo
attack,defend,RelatedTo
aunt,sister,RelatedTo
aunt,uncle,RelatedTo
aunt,sister,RelatedTo
axle,axe,RelatedTo
axle,spindle,RelatedTo
baby,boy,RelatedTo
baby,child,RelatedTo
back,spine,RelatedTo
back,spine,RelatedTo
bad,evil,RelatedTo
bad,rotten,RelatedTo
bad,ugly,RelatedTo
bad,wrong,RelatedTo
bad,evil,RelatedTo
bad,rotten,RelatedTo
bad,severe,RelatedTo
bad,evil,RelatedTo
bad,mistake,RelatedTo
bag,sack,RelatedTo
bait,food,RelatedTo
bait,trap,RelatedTo
bait,trap,RelatedTo
bait,food,RelatedTo
bake,cook,RelatedTo
bake,oven,RelatedTo
banana,plantain,RelatedTo
banana,plantain,RelatedTo
banyan,fig,RelatedTo
bark,skin,RelatedTo
bark,tree,RelatedTo
bark,meat,RelatedTo
bark,tree,RelatedTo
bark,skin,RelatedTo
battle,army,RelatedTo
battle,war,RelatedTo
bay,port,RelatedTo
be,become,RelatedTo
beak,nose,RelatedTo
beak,nose,RelatedTo
beam,wood,RelatedTo
beam,wood,RelatedTo
bean,pea,RelatedTo
bean,pea,RelatedTo
bear,smoke,RelatedTo
beard,chin,RelatedTo
beard,hair,RelatedTo
beard,moustache,RelatedTo
beard,chin,RelatedTo
beard,hair,RelatedTo
beard,chin,RelatedTo
beard,hair,RelatedTo
beat,play,RelatedTo
because,why,RelatedTo
bed,blanket,RelatedTo
bed,sleep,RelatedTo
bed,sleep,RelatedTo
bed,sleep,RelatedTo
bee,honey,RelatedTo
bee,wasp,RelatedTo
bee,fly,RelatedTo
bee,honey,RelatedTo
bee,wasp,RelatedTo
beech,tree,RelatedTo
beer,beverage,RelatedTo
before,after,RelatedTo
begin,beginning,RelatedTo
begin,start,RelatedTo
begin,beginning,RelatedTo
begin,start,RelatedTo
behind,after,RelatedTo
behind,back,RelatedTo
believe,hope,RelatedTo
believe,religion,RelatedTo
believe,think,RelatedTo
believe,know,RelatedTo
belly,navel,RelatedTo
belly,six,RelatedTo
belly,stomach,RelatedTo
belly,stomach,RelatedTo
belly,womb,RelatedTo
belly,swell,RelatedTo
big,tall,RelatedTo
big,fat,RelatedTo
big,loud,RelatedTo
bill,price,RelatedTo
bird,animal,RelatedTo
bird,duck,RelatedTo
bird,eagle,RelatedTo
bird,sparrow,RelatedTo
bird,tree,RelatedTo
bird,animal,RelatedTo
bird,man,RelatedTo
bird,animal,RelatedTo
bite,chew,RelatedTo
bite,dog,RelatedTo
bite,eat,RelatedTo
bite,mosquito,RelatedTo
bite,sting,RelatedTo
bite,sting,RelatedTo
bite,suck,RelatedTo
bitter,sharp,RelatedTo
bitter,sour,RelatedTo
bitter,turn,RelatedTo
black,grey,RelatedTo
black,night,RelatedTo
blacksmith,forge,RelatedTo
blood,heart,RelatedTo
blood,red,RelatedTo
blood,water,RelatedTo
blood,bone,RelatedTo
blood,heart,RelatedTo
blood,red,RelatedTo
blood,sap,RelatedTo
blow,breathe,RelatedTo
blow,whale,RelatedTo
blow,whistle,RelatedTo
blow,wind,RelatedTo
blow,wind,RelatedTo
blue,green,RelatedTo
blue,purple,RelatedTo
blue,green,RelatedTo
boar,pig,RelatedTo
boar,pig,RelatedTo
board,floor,RelatedTo
board,head,RelatedTo
board,slab,RelatedTo
board,tree,RelatedTo
board,wood,RelatedTo
board,beam,RelatedTo
board,slab,RelatedTo
board,wood,RelatedTo
boat,raft,RelatedTo
boat,ship,RelatedTo
boat,ship,RelatedTo
body,bone,RelatedTo
body,flesh,RelatedTo
body,self,RelatedTo
body,two,RelatedTo
body,whole,RelatedTo
boil,pus,RelatedTo
bolt,electricity,RelatedTo
bone,meat,RelatedTo
bone,stick,RelatedTo
book,newspaper,RelatedTo
boot,shoe,RelatedTo
boot,shoe,RelatedTo
bottle,glass,RelatedTo
bottom,down,RelatedTo
bottom,floor,RelatedTo
boundary,border,RelatedTo
boundary,country,RelatedTo
boundary,border,RelatedTo
bow,rainbow,RelatedTo
bowl,dish,RelatedTo
bowl,plate,RelatedTo
boy,male,RelatedTo
boy,male,RelatedTo
bracelet,ring,RelatedTo
braid,hair,RelatedTo
brain,head,RelatedTo
branch,twig,RelatedTo
break,damage,RelatedTo
break,split,RelatedTo
break,tear,RelatedTo
break,break,RelatedTo
break,split,RelatedTo
breakfast,morning,RelatedTo
breakfast,morning,RelatedTo
breath,air,RelatedTo
breath,life,RelatedTo
breath,breathe,RelatedTo
bright,light,RelatedTo
bright,clear,RelatedTo
bring,get,RelatedTo
bring,hold,RelatedTo
bring,take,RelatedTo
budge,move,RelatedTo
build,house,RelatedTo
build,make,RelatedTo
bull,male,RelatedTo
bunch,flower,RelatedTo
burn,bake,RelatedTo
burn,cook,RelatedTo
burn,fire,RelatedTo
burn,hot,RelatedTo
burn,smoke,RelatedTo
burn,burning,RelatedTo
burn,fire,RelatedTo
burn,hot,RelatedTo
burn,light,RelatedTo
burn,stone,RelatedTo
burning,burn,RelatedTo
bury,grave,RelatedTo
bury,hide,RelatedTo
bury,kill,RelatedTo
butter,oil,RelatedTo
butterfly,moth,RelatedTo
buy,cry,RelatedTo
buy,expensive,RelatedTo
buy,sell,RelatedTo
cabbage,cauliflower,RelatedTo
calf,cow,RelatedTo
calf,bull,RelatedTo
calf,cow,RelatedTo
calf,leg,RelatedTo
call,ask,RelatedTo
calm,peace,RelatedTo
calm,quiet,RelatedTo
calm,quiet,RelatedTo
candle,light,RelatedTo
canoe,boat,RelatedTo
canoe,paddle,RelatedTo
canoe,boat,RelatedTo
canoe,paddle,RelatedTo
canoe,paddle,RelatedTo
car,bus,RelatedTo
car,machine,RelatedTo
car,vehicle,RelatedTo
car,vehicle,RelatedTo
carry,bring,RelatedTo
carry,hold,RelatedTo
carry,take,RelatedTo
carry,pregnant,RelatedTo
carve,cut,RelatedTo
cat,puma,RelatedTo
cattle,bovine,RelatedTo
cattle,cow,RelatedTo
cattle,bovine,RelatedTo
cattle,bull,RelatedTo
cattle,cow,RelatedTo
cattle,horse,RelatedTo
cattle,sheep,RelatedTo
cause,because,RelatedTo
cave,hole,RelatedTo
cease,want,RelatedTo
cheap,low,RelatedTo
chest,body,RelatedTo
chest,heart,RelatedTo
chicken,bird,RelatedTo
chicken,egg,RelatedTo
chicken,rooster,RelatedTo
chicken,bird,RelatedTo
chicken,egg,RelatedTo
child,boy,RelatedTo
child,family,RelatedTo
chime,ring,RelatedTo
chime,strike,RelatedTo
chimney,fireplace,RelatedTo
choose,pick,RelatedTo
choose,pick,RelatedTo
chop,strike,RelatedTo
church,mosque,RelatedTo
circle,ball,RelatedTo
circle,ring,RelatedTo
circle,wheel,RelatedTo
citizen,person,RelatedTo
citizen,person,RelatedTo
claw,fingernail,RelatedTo
claw,paw,RelatedTo
claw,toe,RelatedTo
claw,foot,RelatedTo
claw,nail,RelatedTo
clean,fresh,RelatedTo
clean,pure,RelatedTo
clean,wipe,RelatedTo
clean,pure,RelatedTo
clean,clean,RelatedTo
clean,pure,RelatedTo
clean,clear,RelatedTo
clean,sweep,RelatedTo
clean,wipe,RelatedTo
clever,cunning,RelatedTo
clever,smart,RelatedTo
climb,crawl,RelatedTo
cloak,coat,RelatedTo
cloth,clothes,RelatedTo
clothes,shirt,RelatedTo
clothes,wear,RelatedTo
cloud,above,RelatedTo
cloud,fog,RelatedTo
cloud,heaven,RelatedTo
cloud,rain,RelatedTo
cloud,smoke,RelatedTo
cloud,white,RelatedTo
cloud,smoke,RelatedTo
club,stick,RelatedTo
club,wood,RelatedTo
club,stick,RelatedTo
coat,dress,RelatedTo
coconut,banana,RelatedTo
coconut,black,RelatedTo
cold,fresh,RelatedTo
cold,ice,RelatedTo
cold,winter,RelatedTo
collar,neck,RelatedTo
collar,necklace,RelatedTo
collar,neck,RelatedTo
collar,neck,RelatedTo
come,approach,RelatedTo
come,arrive,RelatedTo
come,dog,RelatedTo
come,here,RelatedTo
come,approach,RelatedTo
come,approach,RelatedTo
come,arrive,RelatedTo
come,become,RelatedTo
conceive,idea,RelatedTo
cook,prepare,RelatedTo
cook,prepare,RelatedTo
corpse,body,RelatedTo
corpse,dead,RelatedTo
corpse,body,RelatedTo
corpse,dead,RelatedTo
correct,truth,RelatedTo
cotton,flower,RelatedTo
cotton,sheep,RelatedTo
cotton,silk,RelatedTo
cotton,thread,RelatedTo
count,amount,RelatedTo
count,number,RelatedTo
count,one,RelatedTo
count,say,RelatedTo
count,number,RelatedTo
count,number,RelatedTo
country,area,RelatedTo
country,land,RelatedTo
country,state,RelatedTo
country,world,RelatedTo
court,judge,RelatedTo
court,judge,RelatedTo
cover,cloak,RelatedTo
cover,hide,RelatedTo
cover,wrap,RelatedTo
cover,defend,RelatedTo
cow,buffalo,RelatedTo
cow,bull,RelatedTo
cow,buffalo,RelatedTo
cow,bull,RelatedTo
cow,meat,RelatedTo
crab,lobster,RelatedTo
crooked,bend,RelatedTo
cross,beam,RelatedTo
crouch,bend,RelatedTo
crowd,bunch,RelatedTo
crowd,people,RelatedTo
crowd,people,RelatedTo
cry,call,RelatedTo
cry,shout,RelatedTo
cry,sky,RelatedTo
cry,tear,RelatedTo
cry,shout,RelatedTo
cry,shout,RelatedTo
cut,break,RelatedTo
cut,chop,RelatedTo
cut,draw,RelatedTo
cut,scrape,RelatedTo
cut,scratch,RelatedTo
cut,split,RelatedTo
cut,stab,RelatedTo
cut,tear,RelatedTo
cut,fat,RelatedTo
damage,injure,RelatedTo
dance,song,RelatedTo
danger,bad,RelatedTo
danger,need,RelatedTo
dare,brave,RelatedTo
dare,try,RelatedTo
dark,black,RelatedTo
dark,blind,RelatedTo
dark,night,RelatedTo
dark,obscure,RelatedTo
dark,black,RelatedTo
darkness,black,RelatedTo
darkness,night,RelatedTo
darkness,dark,RelatedTo
daughter,child,RelatedTo
daughter,woman,RelatedTo
dawn,morning,RelatedTo
dawn,morning,RelatedTo
day,afternoon,RelatedTo
day,light,RelatedTo
day,night,RelatedTo
death,die,RelatedTo
death,die,RelatedTo
debt,bill,RelatedTo
debt,owe,RelatedTo
debt,owe,RelatedTo
deep,bottom,RelatedTo
deep,bottom,RelatedTo
deep,dark,RelatedTo
deep,far,RelatedTo
defeat,surrender,RelatedTo
defeat,victory,RelatedTo
defend,forbid,RelatedTo
defend,guard,RelatedTo
defend,prevent,RelatedTo
deny,refuse,RelatedTo
destroy,bad,RelatedTo
destroy,break,RelatedTo
destroy,damage,RelatedTo
destroy,kill,RelatedTo
destroy,damage,RelatedTo
die,dead,RelatedTo
die,death,RelatedTo
die,death,RelatedTo
die,dead,RelatedTo
die,death,RelatedTo
dinner,evening,RelatedTo
dinner,eat,RelatedTo
dirty,dirt,RelatedTo
distance,length,RelatedTo
divide,cut,RelatedTo
divide,split,RelatedTo
do,make,RelatedTo
do,work,RelatedTo
do,cook,RelatedTo
do,kill,RelatedTo
do,make,RelatedTo
dog,cat,RelatedTo
dog,foot,RelatedTo
dolphin,whale,RelatedTo
door,gate,RelatedTo
door,window,RelatedTo
door,gate,RelatedTo
doubt,suspect,RelatedTo
dough,bread,RelatedTo
dream,sleep,RelatedTo
dream,sleep,RelatedTo
drink,beverage,RelatedTo
drink,inhale,RelatedTo
drink,beverage,RelatedTo
drink,beverage,RelatedTo
drip,drop,RelatedTo
drive,move,RelatedTo
drive,pass,RelatedTo
drive,pass,RelatedTo
drive,move,RelatedTo
dry,thirsty,RelatedTo
dust,dirt,RelatedTo
dye,color,RelatedTo
dye,paint,RelatedTo
eagle,hawk,RelatedTo
ear,earring,RelatedTo
early,before,RelatedTo
early,morning,RelatedTo
early,soon,RelatedTo
early,before,RelatedTo
early,before,RelatedTo
early,soon,RelatedTo
earn,work,RelatedTo
earn,work,RelatedTo
earth,clay,RelatedTo
earth,ground,RelatedTo
earth,land,RelatedTo
earth,mud,RelatedTo
earth,name,RelatedTo
earth,place,RelatedTo
earth,space,RelatedTo
earth,sun,RelatedTo
earth,world,RelatedTo
earth,ground,RelatedTo
earth,land,RelatedTo
earth,sun,RelatedTo
earth,world,RelatedTo
east,south,RelatedTo
east,sun,RelatedTo
east,west,RelatedTo
eat,chew,RelatedTo
eat,drink,RelatedTo
eat,feed,RelatedTo
eat,feed,RelatedTo
eat,drink,RelatedTo
edge,border,RelatedTo
edge,boundary,RelatedTo
edge,coast,RelatedTo
edge,corner,RelatedTo
edge,lip,RelatedTo
edge,part,RelatedTo
edge,sharp,RelatedTo
edge,side,RelatedTo
edge,tip,RelatedTo
edge,top,RelatedTo
edge,boundary,RelatedTo
edge,face,RelatedTo
edge,border,RelatedTo
egg,child,RelatedTo
egg,white,RelatedTo
egg,white,RelatedTo
eight,nine,RelatedTo
elbow,arm,RelatedTo
elbow,knee,RelatedTo
embers,fire,RelatedTo
enemy,battle,RelatedTo
enemy,war,RelatedTo
enough,full,RelatedTo
envy,jealous,RelatedTo
evil,sin,RelatedTo
exchange,barter,RelatedTo
exchange,barter,RelatedTo
explain,answer,RelatedTo
explain,tell,RelatedTo
extinguish,destroy,RelatedTo
eye,ear,RelatedTo
eye,eyebrow,RelatedTo
eye,man,RelatedTo
eye,yes,RelatedTo
eyelash,eyebrow,RelatedTo
eyelid,eyebrow,RelatedTo
eyelid,eyelash,RelatedTo
face,cheek,RelatedTo
face,eye,RelatedTo
face,neck,RelatedTo
face,nose,RelatedTo
faithful,true,RelatedTo
faithful,true,RelatedTo
fall,go,RelatedTo
fall,jump,RelatedTo
fall,red,RelatedTo
fall,slip,RelatedTo
fall,tumble,RelatedTo
fall,drop,RelatedTo
fall,fell,RelatedTo
fall,break,RelatedTo
fall,slip,RelatedTo
family,clan,RelatedTo
family,home,RelatedTo
family,house,RelatedTo
fan,blow,RelatedTo
far,distance,RelatedTo
fast,hurry,RelatedTo
fast,light,RelatedTo
father,male,RelatedTo
father,man,RelatedTo
father,mother,RelatedTo
father,god,RelatedTo
father,male,RelatedTo
father,mother,RelatedTo
fault,blame,RelatedTo
fault,blame,RelatedTo
fault,mistake,RelatedTo
fault,blame,RelatedTo
fear,danger,RelatedTo
feather,bird,RelatedTo
feather,fin,RelatedTo
feather,wing,RelatedTo
feather,water,RelatedTo
feel,believe,RelatedTo
feel,seem,RelatedTo
feel,think,RelatedTo
feel,understand,RelatedTo
felt,fur,RelatedTo
female,woman,RelatedTo
fever,disease,RelatedTo
few,some,RelatedTo
few,two,RelatedTo
few,some,RelatedTo
field,country,RelatedTo
field,grass,RelatedTo
field,ground,RelatedTo
field,land,RelatedTo
field,pasture,RelatedTo
field,wheat,RelatedTo
fight,attack,RelatedTo
fight,battle,RelatedTo
fight,beat,RelatedTo
fight,hit,RelatedTo
fight,battle,RelatedTo
find,look,RelatedTo
find,see,RelatedTo
finger,ring,RelatedTo
finger,thumb,RelatedTo
finger,thumb,RelatedTo
fingernail,nail,RelatedTo
finish,end,RelatedTo
fire,burn,RelatedTo
fire,fireplace,RelatedTo
fire,four,RelatedTo
fire,heat,RelatedTo
fire,light,RelatedTo
fire,red,RelatedTo
fire,smoke,RelatedTo
fire,stove,RelatedTo
fire,wood,RelatedTo
fire,campfire,RelatedTo
fire,heat,RelatedTo
fire,stove,RelatedTo
firewood,fireplace,RelatedTo
firewood,wood,RelatedTo
firewood,wood,RelatedTo
first,before,RelatedTo
first,beginning,RelatedTo
first,one,RelatedTo
fish,eat,RelatedTo
fish,meat,RelatedTo
fish,shark,RelatedTo
fish,shark,RelatedTo
five,six,RelatedTo
flame,fire,RelatedTo
flame,red,RelatedTo
flame,fire,RelatedTo
flash,lightning,RelatedTo
flee,escape,RelatedTo
flock,herd,RelatedTo
flour,bread,RelatedTo
flow,go,RelatedTo
flow,river,RelatedTo
flow,stream,RelatedTo
flower,bloom,RelatedTo
flower,bud,RelatedTo
flower,colorful,RelatedTo
flower,bloom,RelatedTo
flower,colorful,RelatedTo
flower,flour,RelatedTo
flower,ornament,RelatedTo
flower,bloom,RelatedTo
fly,mosquito,RelatedTo
fly,mosquito,RelatedTo
foal,horse,RelatedTo
foal,horse,RelatedTo
fog,smoke,RelatedTo
fog,steam,RelatedTo
follow,pursue,RelatedTo
food,breakfast,RelatedTo
food,dinner,RelatedTo
food,eat,RelatedTo
food,lunch,RelatedTo
food,meal,RelatedTo
food,stomach,RelatedTo
food,eat,RelatedTo
foot,bottom,RelatedTo
foot,ruler,RelatedTo
foot,shoe,RelatedTo
foot,sole,RelatedTo
foot,bottom,RelatedTo
forest,bush,RelatedTo
forest,land,RelatedTo
forest,tree,RelatedTo
forest,wood,RelatedTo
forest,tree,RelatedTo
four,five,RelatedTo
fowl,bird,RelatedTo
fowl,chicken,RelatedTo
fowl,bird,RelatedTo
fowl,chicken,RelatedTo
fringe,border,RelatedTo
frog,toad,RelatedTo
frog,bow,RelatedTo
frog,toad,RelatedTo
frost,cold,RelatedTo
frost,ice,RelatedTo
frost,freeze,RelatedTo
frost,ice,RelatedTo
full,fill,RelatedTo
fur,hair,RelatedTo
fur,skin,RelatedTo
fur,hair,RelatedTo
garden,land,RelatedTo
gather,do,RelatedTo
gather,harvest,RelatedTo
gather,pick,RelatedTo
get,buy,RelatedTo
get,give,RelatedTo
get,understand,RelatedTo
get,beget,RelatedTo
get,catch,RelatedTo
get,hear,RelatedTo
get,kill,RelatedTo
get,learn,RelatedTo
get,understand,RelatedTo
ghost,spirit,RelatedTo
ghost,demon,RelatedTo
ghost,spirit,RelatedTo
girl,boy,RelatedTo
girl,child,RelatedTo
girl,daughter,RelatedTo
girl,female,RelatedTo
girl,woman,RelatedTo
girl,child,RelatedTo
girl,daughter,RelatedTo
girl,female,RelatedTo
girl,woman,RelatedTo
give,donate,RelatedTo
glass,cup,RelatedTo
go,leave,RelatedTo
go,move,RelatedTo
go,pass,RelatedTo
go,stone,RelatedTo
go,turn,RelatedTo
go,drive,RelatedTo
go,pass,RelatedTo
go,walk,RelatedTo
go,fly,RelatedTo
go,ride,RelatedTo
go,end,RelatedTo
go,follow,RelatedTo
go,lead,RelatedTo
go,leave,RelatedTo
go,move,RelatedTo
go,pass,RelatedTo
go,say,RelatedTo
go,turn,RelatedTo
go,walk,RelatedTo
god,heaven,RelatedTo
god,idol,RelatedTo
god,king,RelatedTo
god,lord,RelatedTo
god,idol,RelatedTo
gold,silver,RelatedTo
good,very,RelatedTo
good,white,RelatedTo
good,holy,RelatedTo
good,very,RelatedTo
good,right,RelatedTo
good,benefit,RelatedTo
goose,duck,RelatedTo
goose,swan,RelatedTo
grain,animal,RelatedTo
grain,barley,RelatedTo
grain,bread,RelatedTo
grain,flour,RelatedTo
grain,oat,RelatedTo
grain,rice,RelatedTo
grain,rye,RelatedTo
grain,wheat,RelatedTo
grain,barley,RelatedTo
grain,wheat,RelatedTo
granddaughter,child,RelatedTo
grandfather,old,RelatedTo
grandfather,father,RelatedTo
grandmother,mother,RelatedTo
grandson,child,RelatedTo
grass,flower,RelatedTo
grass,green,RelatedTo
grass,hair,RelatedTo
grass,leaf,RelatedTo
grass,leaf,RelatedTo
grave,pit,RelatedTo
green,unripe,RelatedTo
grind,crush,RelatedTo
grind,dance,RelatedTo
ground,earth,RelatedTo
ground,floor,RelatedTo
ground,garden,RelatedTo
ground,land,RelatedTo
ground,area,RelatedTo
ground,earth,RelatedTo
ground,floor,RelatedTo
grow,become,RelatedTo
grow,big,RelatedTo
grow,cultivate,RelatedTo
grow,increase,RelatedTo
grow,old,RelatedTo
grow,plant,RelatedTo
grow,raise,RelatedTo
grow,tall,RelatedTo
grow,become,RelatedTo
grow,cultivate,RelatedTo
grub,caterpillar,RelatedTo
guard,protect,RelatedTo
guard,protect,RelatedTo
guard,protect,RelatedTo
guilty,defendant,RelatedTo
hammer,pound,RelatedTo
hand,arm,RelatedTo
hand,finger,RelatedTo
hand,five,RelatedTo
hand,thumb,RelatedTo
happy,good,RelatedTo
happy,good,RelatedTo
hard,difficult,RelatedTo
hard,solid,RelatedTo
hard,strong,RelatedTo
hard,severe,RelatedTo
hard,strong,RelatedTo
hard,difficult,RelatedTo
harvest,autumn,RelatedTo
harvest,autumn,RelatedTo
have,get,RelatedTo
have,hold,RelatedTo
have,own,RelatedTo
have,hold,RelatedTo
have,drink,RelatedTo
have,hold,RelatedTo
have,own,RelatedTo
he,it,RelatedTo
head,atop,RelatedTo
head,hair,RelatedTo
head,nose,RelatedTo
head,top,RelatedTo
healthy,body,RelatedTo
hear,do,RelatedTo
hear,ear,RelatedTo
hear,listen,RelatedTo
hear,see,RelatedTo
hear,ear,RelatedTo
hear,learn,RelatedTo
hear,listen,RelatedTo
hear,try,RelatedTo
heart,courage,RelatedTo
heart,spirit,RelatedTo
heavy,weight,RelatedTo
heavy,weight,RelatedTo
heel,bottom,RelatedTo
heel,foot,RelatedTo
heel,foot,RelatedTo
help,rescue,RelatedTo
hen,bird,RelatedTo
hen,chicken,RelatedTo
hen,rooster,RelatedTo
hen,bird,RelatedTo
hen,chicken,RelatedTo
here,hither,RelatedTo
here,there,RelatedTo
here,hither,RelatedTo
high,above,RelatedTo
high,sky,RelatedTo
high,tall,RelatedTo
high,top,RelatedTo
high,up,RelatedTo
high,tall,RelatedTo
high,tall,RelatedTo
high,top,RelatedTo
high,up,RelatedTo
hill,elevation,RelatedTo
hill,height,RelatedTo
hill,hump,RelatedTo
hill,heap,RelatedTo
hill,heap,RelatedTo
hither,thither,RelatedTo
hoe,dig,RelatedTo
hoe,dig,RelatedTo
hold,catch,RelatedTo
hold,embrace,RelatedTo
hold,grasp,RelatedTo
hold,keep,RelatedTo
hold,touch,RelatedTo
hold,grasp,RelatedTo
hold,grasp,RelatedTo
hole,empty,RelatedTo
hook,anchor,RelatedTo
hook,fishhook,RelatedTo
hook,needle,RelatedTo
hook,bend,RelatedTo
hope,think,RelatedTo
horse,dog,RelatedTo
horse,donkey,RelatedTo
hot,burn,RelatedTo
hot,burning,RelatedTo
hot,fire,RelatedTo
hot,heat,RelatedTo
hot,summer,RelatedTo
hot,warm,RelatedTo
hot,heat,RelatedTo
hot,person,RelatedTo
hot,warm,RelatedTo
hot,warm,RelatedTo
hot,heat,RelatedTo
hour,clock,RelatedTo
hour,season,RelatedTo
house,home,RelatedTo
house,roof,RelatedTo
house,space,RelatedTo
how,what,RelatedTo
how,when,RelatedTo
how,where,RelatedTo
how,who,RelatedTo
how,why,RelatedTo
how,what,RelatedTo
hunger,thirst,RelatedTo
hunger,thirst,RelatedTo
hunt,kill,RelatedTo
hunt,shoot,RelatedTo
husband,male,RelatedTo
husband,man,RelatedTo
husband,wife,RelatedTo
husband,male,RelatedTo
husband,man,RelatedTo
hut,house,RelatedTo
hut,roof,RelatedTo
hut,tent,RelatedTo
i,eye,RelatedTo
i,in,RelatedTo
i,like,RelatedTo
i,self,RelatedTo
ice,cold,RelatedTo
ice,freeze,RelatedTo
if,or,RelatedTo
immediately,instantly,RelatedTo
insect,animal,RelatedTo
insect,fly,RelatedTo
insect,larva,RelatedTo
insect,mosquito,RelatedTo
insect,spider,RelatedTo
insect,worm,RelatedTo
insect,spider,RelatedTo
inside,in,RelatedTo
iron,steel,RelatedTo
iron,tool,RelatedTo
iron,steel,RelatedTo
iron,tool,RelatedTo
island,land,RelatedTo
island,land,RelatedTo
itch,scratch,RelatedTo
itch,scratch,RelatedTo
itch,scratch,RelatedTo
jaw,cheek,RelatedTo
jaw,chin,RelatedTo
jaw,face,RelatedTo
jaw,mouth,RelatedTo
jaw,chin,RelatedTo
join,connect,RelatedTo
join,meet,RelatedTo
join,tie,RelatedTo
joy,happiness,RelatedTo
joy,happiness,RelatedTo
judgment,judge,RelatedTo
july,august,RelatedTo
jump,flee,RelatedTo
keep,own,RelatedTo
keep,preserve,RelatedTo
keep,guard,RelatedTo
keep,protect,RelatedTo
kettle,pan,RelatedTo
kettle,pot,RelatedTo
kid,child,RelatedTo
kid,goat,RelatedTo
kid,child,RelatedTo
kid,goat,RelatedTo
kill,slaughter,RelatedTo
kill,slaughter,RelatedTo
king,powerful,RelatedTo
king,queen,RelatedTo
king,powerful,RelatedTo
knead,dough,RelatedTo
kneel,knee,RelatedTo
knife,sword,RelatedTo
know,learn,RelatedTo
know,recognize,RelatedTo
know,study,RelatedTo
lake,ocean,RelatedTo
lake,pond,RelatedTo
lake,sea,RelatedTo
lake,swamp,RelatedTo
lake,pond,RelatedTo
language,tongue,RelatedTo
language,word,RelatedTo
language,word,RelatedTo
last,after,RelatedTo
last,end,RelatedTo
late,after,RelatedTo
late,behind,RelatedTo
late,day,RelatedTo
late,night,RelatedTo
late,after,RelatedTo
late,after,RelatedTo
laugh,smile,RelatedTo
laugh,laughter,RelatedTo
laugh,chest,RelatedTo
laugh,eye,RelatedTo
laugh,laughter,RelatedTo
law,court,RelatedTo
law,court,RelatedTo
lay,make,RelatedTo
lazy,idle,RelatedTo
lazy,sloth,RelatedTo
leaf,branch,RelatedTo
leaf,flower,RelatedTo
leaf,green,RelatedTo
leaf,hand,RelatedTo
leaf,green,RelatedTo
learn,study,RelatedTo
learn,teach,RelatedTo
learn,teach,RelatedTo
leather,skin,RelatedTo
leather,skin,RelatedTo
leather,belt,RelatedTo
leave,left,RelatedTo
leave,remain,RelatedTo
left,right,RelatedTo
left,right,RelatedTo
leg,bottom,RelatedTo
leg,foot,RelatedTo
leg,hip,RelatedTo
leg,muscle,RelatedTo
leg,shin,RelatedTo
leg,thigh,RelatedTo
leg,foot,RelatedTo
leg,hip,RelatedTo
leg,shin,RelatedTo
leg,thigh,RelatedTo
leg,trousers,RelatedTo
lend,borrow,RelatedTo
letter,character,RelatedTo
letter,mail,RelatedTo
letter,postcard,RelatedTo
lie,deceit,RelatedTo
lie,perjury,RelatedTo
lie,sleep,RelatedTo
lift,carry,RelatedTo
lift,pull,RelatedTo
lift,put,RelatedTo
lift,raise,RelatedTo
lift,take,RelatedTo
lift,raise,RelatedTo
light,day,RelatedTo
light,lamp,RelatedTo
light,sun,RelatedTo
light,white,RelatedTo
light,flame,RelatedTo
light,light,RelatedTo
light,fire,RelatedTo
lightning,electricity,RelatedTo
lightning,storm,RelatedTo
lightning,electricity,RelatedTo
lightning,light,RelatedTo
like,desire,RelatedTo
line,string,RelatedTo
line,path,RelatedTo
line,path,RelatedTo
line,rope,RelatedTo
line,string,RelatedTo
line,thread,RelatedTo
livestock,cattle,RelatedTo
load,weight,RelatedTo
lock,key,RelatedTo
lock,latch,RelatedTo
lock,key,RelatedTo
locust,grasshopper,RelatedTo
long,length,RelatedTo
long,tall,RelatedTo
long,tall,RelatedTo
long,far,RelatedTo
long,wide,RelatedTo
long,wide,RelatedTo
look,eye,RelatedTo
look,watch,RelatedTo
look,seem,RelatedTo
look,try,RelatedTo
loud,strong,RelatedTo
love,good,RelatedTo
love,like,RelatedTo
love,like,RelatedTo
love,like,RelatedTo
love,praise,RelatedTo
low,bottom,RelatedTo
low,small,RelatedTo
low,bottom,RelatedTo
low,down,RelatedTo
low,short,RelatedTo
lunch,dinner,RelatedTo
lunch,eat,RelatedTo
lunch,eat,RelatedTo
lung,heart,RelatedTo
machine,motor,RelatedTo
make,prepare,RelatedTo
make,produce,RelatedTo
make,produce,RelatedTo
male,boy,RelatedTo
male,man,RelatedTo
man,boy,RelatedTo
man,old,RelatedTo
man,male,RelatedTo
manner,custom,RelatedTo
many,more,RelatedTo
mare,horse,RelatedTo
mare,horse,RelatedTo
market,store,RelatedTo
market,town,RelatedTo
marry,wedding,RelatedTo
master,head,RelatedTo
master,teacher,RelatedTo
master,father,RelatedTo
mat,rug,RelatedTo
meal,breakfast,RelatedTo
meal,dinner,RelatedTo
meal,lunch,RelatedTo
meal,eat,RelatedTo
meal,flour,RelatedTo
meal,grain,RelatedTo
measure,count,RelatedTo
meat,animal,RelatedTo
meat,flesh,RelatedTo
meat,animal,RelatedTo
meat,flesh,RelatedTo
medicine,pill,RelatedTo
medicine,magic,RelatedTo
middle,between,RelatedTo
mind,brain,RelatedTo
mind,head,RelatedTo
mind,memory,RelatedTo
mind,spirit,RelatedTo
mind,think,RelatedTo
mind,thought,RelatedTo
mind,thought,RelatedTo
mind,remember,RelatedTo
mirror,glass,RelatedTo
mirror,glass,RelatedTo
misplace,forget,RelatedTo
miss,err,RelatedTo
mistake,miss,RelatedTo
monday,tuesday,RelatedTo
money,coin,RelatedTo
money,paper,RelatedTo
money,pay,RelatedTo
money,coin,RelatedTo
monkey,baboon,RelatedTo
moon,man,RelatedTo
moon,month,RelatedTo
moon,month,RelatedTo
morning,day,RelatedTo
morning,night,RelatedTo
morning,day,RelatedTo
mother,female,RelatedTo
mother,female,RelatedTo
mountain,hill,RelatedTo
mountain,rock,RelatedTo
mountain,rock,RelatedTo
mouse,rat,RelatedTo
mouth,chin,RelatedTo
mouth,face,RelatedTo
mouth,nose,RelatedTo
mouth,tongue,RelatedTo
move,change,RelatedTo
move,go,RelatedTo
move,leave,RelatedTo
move,push,RelatedTo
move,turn,RelatedTo
move,walk,RelatedTo
move,change,RelatedTo
move,go,RelatedTo
move,push,RelatedTo
mud,soil,RelatedTo
mud,wet,RelatedTo
mud,soil,RelatedTo
mule,donkey,RelatedTo
mule,horse,RelatedTo
mule,donkey,RelatedTo
mule,horse,RelatedTo
murder,kill,RelatedTo
murder,crime,RelatedTo
must,necessary,RelatedTo
my,me,RelatedTo
name,call,RelatedTo
name,man,RelatedTo
name,person,RelatedTo
name,surname,RelatedTo
name,person,RelatedTo
nape,neck,RelatedTo
narrow,thin,RelatedTo
narrow,tight,RelatedTo
narrow,thin,RelatedTo
near,close,RelatedTo
near,close,RelatedTo
neck,kill,RelatedTo
needle,pin,RelatedTo
needle,injection,RelatedTo
needle,pin,RelatedTo
neighbour,friend,RelatedTo
nephew,boy,RelatedTo
nephew,niece,RelatedTo
nephew,uncle,RelatedTo
nephew,child,RelatedTo
nephew,grandson,RelatedTo
nest,basket,RelatedTo
nest,cradle,RelatedTo
nest,lair,RelatedTo
never,not,RelatedTo
never,no,RelatedTo
new,again,RelatedTo
new,fresh,RelatedTo
new,young,RelatedTo
new,fresh,RelatedTo
news,newspaper,RelatedTo
niece,cousin,RelatedTo
night,afternoon,RelatedTo
night,evening,RelatedTo
nine,ten,RelatedTo
nipple,milk,RelatedTo
nit,egg,RelatedTo
no,yes,RelatedTo
no,not,RelatedTo
north,south,RelatedTo
north,up,RelatedTo
nose,smell,RelatedTo
nose,smell,RelatedTo
nose,smell,RelatedTo
nose,tip,RelatedTo
nose,smell,RelatedTo
nostril,nose,RelatedTo
notice,recognize,RelatedTo
now,because,RelatedTo
now,here,RelatedTo
now,immediately,RelatedTo
now,today,RelatedTo
nut,seed,RelatedTo
oil,fat,RelatedTo
oil,petroleum,RelatedTo
oil,fat,RelatedTo
oil,petroleum,RelatedTo
ointment,oil,RelatedTo
old,former,RelatedTo
one,two,RelatedTo
one,other,RelatedTo
one,person,RelatedTo
onion,garlic,RelatedTo
onion,garlic,RelatedTo
only,alone,RelatedTo
only,one,RelatedTo
open,door,RelatedTo
open,open,RelatedTo
owner,lord,RelatedTo
ox,bull,RelatedTo
ox,cow,RelatedTo
paddle,oar,RelatedTo
pain,ache,RelatedTo
pain,sick,RelatedTo
pain,wound,RelatedTo
pain,ache,RelatedTo
pain,disease,RelatedTo
pain,painful,RelatedTo
pain,punishment,RelatedTo
paint,brush,RelatedTo
paint,color,RelatedTo
paint,oil,RelatedTo
paint,color,RelatedTo
pair,two,RelatedTo
pair,two,RelatedTo
paper,book,RelatedTo
paper,book,RelatedTo
paper,newspaper,RelatedTo
part,piece,RelatedTo
pasture,grassland,RelatedTo
pay,buy,RelatedTo
pay,wages,RelatedTo
pay,wages,RelatedTo
people,person,RelatedTo
people,citizen,RelatedTo
people,country,RelatedTo
people,family,RelatedTo
people,person,RelatedTo
person,animal,RelatedTo
person,body,RelatedTo
person,child,RelatedTo
person,male,RelatedTo
person,man,RelatedTo
person,someone,RelatedTo
person,woman,RelatedTo
person,body,RelatedTo
person,man,RelatedTo
piece,slice,RelatedTo
pig,meat,RelatedTo
pig,pork,RelatedTo
pig,tail,RelatedTo
pig,meat,RelatedTo
pig,piglet,RelatedTo
pig,pork,RelatedTo
pinch,squeeze,RelatedTo
pinch,steal,RelatedTo
piss,urine,RelatedTo
piss,urine,RelatedTo
pitchfork,fork,RelatedTo
place,area,RelatedTo
place,put,RelatedTo
place,area,RelatedTo
place,country,RelatedTo
place,ground,RelatedTo
place,home,RelatedTo
place,house,RelatedTo
place,space,RelatedTo
place,town,RelatedTo
place,village,RelatedTo
place,put,RelatedTo
plain,field,RelatedTo
plain,flat,RelatedTo
plain,land,RelatedTo
plain,clear,RelatedTo
plain,flat,RelatedTo
plain,land,RelatedTo
plaintiff,defendant,RelatedTo
plant,dig,RelatedTo
plant,flower,RelatedTo
plant,grass,RelatedTo
plant,pot,RelatedTo
plant,tree,RelatedTo
plant,tree,RelatedTo
plate,dish,RelatedTo
plate,dish,RelatedTo
play,game,RelatedTo
pointed,sharp,RelatedTo
pointed,sharp,RelatedTo
poor,beggar,RelatedTo
post,doorpost,RelatedTo
pouch,sack,RelatedTo
pouch,sack,RelatedTo
pound,beat,RelatedTo
pound,crush,RelatedTo
pour,fill,RelatedTo
pour,rain,RelatedTo
praise,worship,RelatedTo
praise,worship,RelatedTo
preserve,protect,RelatedTo
preserve,protect,RelatedTo
press,squeeze,RelatedTo
press,oppress,RelatedTo
press,squeeze,RelatedTo
price,expensive,RelatedTo
prisoner,prison,RelatedTo
promise,oath,RelatedTo
promise,swear,RelatedTo
promise,oath,RelatedTo
pull,drag,RelatedTo
pull,do,RelatedTo
pumpkin,gourd,RelatedTo
pumpkin,melon,RelatedTo
punishment,court,RelatedTo
pupil,teacher,RelatedTo
push,fight,RelatedTo
push,move,RelatedTo
push,touch,RelatedTo
put,set,RelatedTo
put,set,RelatedTo
quarrel,fight,RelatedTo
rabbit,hare,RelatedTo
rain,water,RelatedTo
rain,weather,RelatedTo
rain,water,RelatedTo
rake,fork,RelatedTo
ram,ewe,RelatedTo
ram,goat,RelatedTo
ram,male,RelatedTo
ram,sheep,RelatedTo
ram,male,RelatedTo
ram,sheep,RelatedTo
raw,fresh,RelatedTo
raw,red,RelatedTo
raw,rough,RelatedTo
razor,knife,RelatedTo
read,think,RelatedTo
ready,good,RelatedTo
red,color,RelatedTo
red,yellow,RelatedTo
red,black,RelatedTo
red,color,RelatedTo
regret,sad,RelatedTo
religion,worship,RelatedTo
repair,improve,RelatedTo
rescue,liberate,RelatedTo
rest,peace,RelatedTo
rest,recover,RelatedTo
rest,peace,RelatedTo
rib,bone,RelatedTo
rib,chest,RelatedTo
rib,bone,RelatedTo
rice,squeeze,RelatedTo
rich,own,RelatedTo
rich,person,RelatedTo
rich,wealth,RelatedTo
ride,drive,RelatedTo
right,correct,RelatedTo
right,correct,RelatedTo
right,correct,RelatedTo
right,correct,RelatedTo
right,correct,RelatedTo
ripe,ripen,RelatedTo
ripe,ripen,RelatedTo
rise,lift,RelatedTo
rise,stand,RelatedTo
rise,up,RelatedTo
river,creek,RelatedTo
river,fish,RelatedTo
river,lake,RelatedTo
river,ocean,RelatedTo
river,sea,RelatedTo
river,stream,RelatedTo
river,stream,RelatedTo
road,line,RelatedTo
road,path,RelatedTo
road,street,RelatedTo
road,path,RelatedTo
rob,steal,RelatedTo
roll,round,RelatedTo
roll,spin,RelatedTo
roll,tumble,RelatedTo
roll,tumble,RelatedTo
roll,tumble,RelatedTo
room,house,RelatedTo
room,square,RelatedTo
room,wall,RelatedTo
rooster,male,RelatedTo
root,bottom,RelatedTo
root,hair,RelatedTo
rough,difficult,RelatedTo
round,ball,RelatedTo
round,circle,RelatedTo
round,wheel,RelatedTo
round,ball,RelatedTo
round,ball,RelatedTo
row,oar,RelatedTo
rub,scratch,RelatedTo
rub,wash,RelatedTo
rub,wipe,RelatedTo
rug,blanket,RelatedTo
rule,command,RelatedTo
rule,government,RelatedTo
rule,own,RelatedTo
run,dash,RelatedTo
run,fast,RelatedTo
run,dash,RelatedTo
run,flee,RelatedTo
run,hurry,RelatedTo
run,fast,RelatedTo
run,flee,RelatedTo
salt,foot,RelatedTo
salt,sea,RelatedTo
salt,white,RelatedTo
salty,salt,RelatedTo
sand,floor,RelatedTo
sand,land,RelatedTo
sand,pebbles,RelatedTo
sand,shore,RelatedTo
saucer,cup,RelatedTo
saucer,dish,RelatedTo
saucer,plate,RelatedTo
saucer,dish,RelatedTo
saucer,cup,RelatedTo
say,speech,RelatedTo
say,talk,RelatedTo
say,tell,RelatedTo
say,cloth,RelatedTo
say,tell,RelatedTo
sea,ocean,RelatedTo
sea,shore,RelatedTo
sea,ocean,RelatedTo
season,year,RelatedTo
season,year,RelatedTo
second,two,RelatedTo
second,two,RelatedTo
second,two,RelatedTo
secret,hide,RelatedTo
see,look,RelatedTo
see,watch,RelatedTo
see,eye,RelatedTo
seed,egg,RelatedTo
seed,fruit,RelatedTo
seed,grain,RelatedTo
seed,rice,RelatedTo
seed,stone,RelatedTo
seed,fruit,RelatedTo
seed,grain,RelatedTo
send,give,RelatedTo
separate,divide,RelatedTo
separate,split,RelatedTo
seven,seventeen,RelatedTo
seven,seventy,RelatedTo
sew,needle,RelatedTo
shade,dark,RelatedTo
shade,ghost,RelatedTo
shade,ghost,RelatedTo
shake,mix,RelatedTo
shake,shiver,RelatedTo
share,part,RelatedTo
share,divide,RelatedTo
sharp,cut,RelatedTo
sheep,ewe,RelatedTo
sheep,goat,RelatedTo
sheep,lamb,RelatedTo
sheep,goat,RelatedTo
shell,body,RelatedTo
shell,house,RelatedTo
shell,snail,RelatedTo
shield,iron,RelatedTo
shine,light,RelatedTo
shine,light,RelatedTo
shoot,fire,RelatedTo
shoot,pig,RelatedTo
shoot,vein,RelatedTo
shoot,fire,RelatedTo
shore,land,RelatedTo
shoulder,arm,RelatedTo
shoulder,neck,RelatedTo
shoulder,arm,RelatedTo
shoulder,neck,RelatedTo
shout,call,RelatedTo
shovel,spade,RelatedTo
shovel,spade,RelatedTo
show,tell,RelatedTo
show,visible,RelatedTo
shut,cover,RelatedTo
shut,door,RelatedTo
sibling,brother,RelatedTo
sibling,sister,RelatedTo
sick,fever,RelatedTo
sick,tired,RelatedTo
side,back,RelatedTo
side,face,RelatedTo
side,left,RelatedTo
side,line,RelatedTo
side,part,RelatedTo
side,right,RelatedTo
side,top,RelatedTo
side,wall,RelatedTo
side,wide,RelatedTo
side,face,RelatedTo
side,face,RelatedTo
side,half,RelatedTo
side,wide,RelatedTo
sieve,strain,RelatedTo
sign,character,RelatedTo
silence,peace,RelatedTo
silk,thread,RelatedTo
silver,coin,RelatedTo
silver,coin,RelatedTo
similar,same,RelatedTo
sing,music,RelatedTo
sing,song,RelatedTo
sing,song,RelatedTo
sing,song,RelatedTo
sister,brother,RelatedTo
sit,chair,RelatedTo
sit,stand,RelatedTo
sit,day,RelatedTo
size,amount,RelatedTo
size,height,RelatedTo
size,weight,RelatedTo
size,amount,RelatedTo
size,height,RelatedTo
skin,body,RelatedTo
skin,flesh,RelatedTo
skin,hair,RelatedTo
skin,body,RelatedTo
skirt,dress,RelatedTo
skirt,dress,RelatedTo
skull,brain,RelatedTo
skull,head,RelatedTo
skull,brain,RelatedTo
skull,head,RelatedTo
sky,above,RelatedTo
sky,air,RelatedTo
sky,blue,RelatedTo
sky,cloud,RelatedTo
sky,heaven,RelatedTo
sky,sun,RelatedTo
sky,up,RelatedTo
sky,cloud,RelatedTo
sky,day,RelatedTo
sky,heaven,RelatedTo
slave,servant,RelatedTo
sleep,dream,RelatedTo
slow,slowly,RelatedTo
slow,slowly,RelatedTo
small,child,RelatedTo
small,few,RelatedTo
small,young,RelatedTo
smell,breathe,RelatedTo
smell,sniff,RelatedTo
smell,taste,RelatedTo
smoke,soot,RelatedTo
smoke,steam,RelatedTo
snake,animal,RelatedTo
snow,cold,RelatedTo
snow,frost,RelatedTo
snow,ice,RelatedTo
snow,winter,RelatedTo
soft,gentle,RelatedTo
soft,easy,RelatedTo
soft,weak,RelatedTo
soldier,army,RelatedTo
soldier,army,RelatedTo
some,part,RelatedTo
son,boy,RelatedTo
son,child,RelatedTo
son,daughter,RelatedTo
son,man,RelatedTo
son,one,RelatedTo
song,music,RelatedTo
soon,instantly,RelatedTo
soot,dirt,RelatedTo
soul,body,RelatedTo
soul,heart,RelatedTo
soul,mind,RelatedTo
soul,life,RelatedTo
soup,water,RelatedTo
sour,sharp,RelatedTo
sow,pig,RelatedTo
sow,pig,RelatedTo
speak,conversation,RelatedTo
speak,language,RelatedTo
speak,conversation,RelatedTo
speak,language,RelatedTo
speak,say,RelatedTo
speak,speech,RelatedTo
speak,word,RelatedTo
speak,speech,RelatedTo
spear,stick,RelatedTo
speech,language,RelatedTo
speech,talk,RelatedTo
speech,language,RelatedTo
spit,saliva,RelatedTo
spit,saliva,RelatedTo
spoon,fork,RelatedTo
spoon,ladle,RelatedTo
spoon,ladle,RelatedTo
spring,well,RelatedTo
springtime,summer,RelatedTo
squeeze,grasp,RelatedTo
stab,pierce,RelatedTo
stallion,foal,RelatedTo
stallion,mare,RelatedTo
stallion,horse,RelatedTo
stand,tree,RelatedTo
stand,foot,RelatedTo
stand,remain,RelatedTo
statue,idol,RelatedTo
steep,slope,RelatedTo
steep,slope,RelatedTo
stepfather,stepmother,RelatedTo
stepfather,stepson,RelatedTo
stepmother,stepdaughter,RelatedTo
stepson,stepdaughter,RelatedTo
stick,tree,RelatedTo
stick,twig,RelatedTo
stick,wood,RelatedTo
stick,tree,RelatedTo
stick,twig,RelatedTo
stick,wood,RelatedTo
stinking,bad,RelatedTo
stinking,smell,RelatedTo
stone,rock,RelatedTo
stone,fruit,RelatedTo
stone,rock,RelatedTo
stool,chair,RelatedTo
stool,chair,RelatedTo
story,news,RelatedTo
stove,oven,RelatedTo
straight,vertical,RelatedTo
straight,vertical,RelatedTo
strength,power,RelatedTo
strength,power,RelatedTo
stretch,pull,RelatedTo
stretch,pull,RelatedTo
strike,strike,RelatedTo
string,thread,RelatedTo
string,thread,RelatedTo
strong,power,RelatedTo
strong,powerful,RelatedTo
suck,milk,RelatedTo
suck,pull,RelatedTo
sugar,sweet,RelatedTo
summer,autumn,RelatedTo
summer,warm,RelatedTo
sun,day,RelatedTo
sun,fire,RelatedTo
sun,light,RelatedTo
sun,moon,RelatedTo
sun,star,RelatedTo
sun,star,RelatedTo
sun,star,RelatedTo
sun,eye,RelatedTo
swallow,drink,RelatedTo
swallow,eat,RelatedTo
sway,swing,RelatedTo
sway,move,RelatedTo
sway,swing,RelatedTo
swear,curse,RelatedTo
swear,oath,RelatedTo
sweep,broom,RelatedTo
sweep,broom,RelatedTo
sweep,brush,RelatedTo
sweep,clean,RelatedTo
sweet,candy,RelatedTo
sweet,tasty,RelatedTo
sweet,candy,RelatedTo
swim,dive,RelatedTo
swim,splash,RelatedTo
swim,walk,RelatedTo
swim,water,RelatedTo
swim,water,RelatedTo
swing,swing,RelatedTo
table,chair,RelatedTo
tail,animal,RelatedTo
tail,hair,RelatedTo
tail,animal,RelatedTo
take,catch,RelatedTo
take,catch,RelatedTo
take,choose,RelatedTo
take,get,RelatedTo
take,give,RelatedTo
take,lead,RelatedTo
talk,chat,RelatedTo
talk,conversation,RelatedTo
talk,conversation,RelatedTo
talk,conversation,RelatedTo
taste,bite,RelatedTo
taste,eat,RelatedTo
taste,feel,RelatedTo
taste,food,RelatedTo
taste,lick,RelatedTo
taste,smell,RelatedTo
taste,sweet,RelatedTo
taste,touch,RelatedTo
taste,try,RelatedTo
tax,wages,RelatedTo
tear,break,RelatedTo
tell,convey,RelatedTo
tell,speech,RelatedTo
temple,church,RelatedTo
temple,church,RelatedTo
temples,temple,RelatedTo
that,there,RelatedTo
there,thither,RelatedTo
they,their,RelatedTo
they,he,RelatedTo
they,she,RelatedTo
thick,deep,RelatedTo
thick,difficult,RelatedTo
thick,heavy,RelatedTo
thick,fat,RelatedTo
thief,steal,RelatedTo
thigh,hip,RelatedTo
thigh,knee,RelatedTo
thin,lean,RelatedTo
thing,person,RelatedTo
thing,place,RelatedTo
thing,clothes,RelatedTo
thing,word,RelatedTo
think,thought,RelatedTo
think,thought,RelatedTo
third,three,RelatedTo
third,three,RelatedTo
this,that,RelatedTo
this,here,RelatedTo
this,that,RelatedTo
thou,you,RelatedTo
three,four,RelatedTo
throat,neck,RelatedTo
throat,tube,RelatedTo
thunder,bolt,RelatedTo
thunder,cloud,RelatedTo
thunder,dark,RelatedTo
thunder,lightning,RelatedTo
thunder,roar,RelatedTo
thunder,sky,RelatedTo
thunder,storm,RelatedTo
thunder,lightning,RelatedTo
tide,sea,RelatedTo
tide,wave,RelatedTo
tide,sea,RelatedTo
tide,time,RelatedTo
tie,knot,RelatedTo
tie,wrap,RelatedTo
tie,traverse,RelatedTo
tie,knot,RelatedTo
tie,fasten,RelatedTo
tiger,leopard,RelatedTo
time,age,RelatedTo
time,clock,RelatedTo
time,day,RelatedTo
time,hour,RelatedTo
time,month,RelatedTo
time,when,RelatedTo
tinea,ringworm,RelatedTo
tobacco,cigarette,RelatedTo
tobacco,leaf,RelatedTo
tobacco,pipe,RelatedTo
tobacco,smoke,RelatedTo
tobacco,cigarette,RelatedTo
tobacco,pipe,RelatedTo
tobacco,smoke,RelatedTo
today,day,RelatedTo
today,day,RelatedTo
toe,finger,RelatedTo
toe,foot,RelatedTo
toe,thumb,RelatedTo
toe,foot,RelatedTo
tomorrow,yesterday,RelatedTo
tomorrow,day,RelatedTo
tongue,foot,RelatedTo
tooth,bone,RelatedTo
tooth,eat,RelatedTo
top,above,RelatedTo
top,up,RelatedTo
tortoise,turtle,RelatedTo
touch,feel,RelatedTo
touch,meet,RelatedTo
town,village,RelatedTo
town,house,RelatedTo
town,village,RelatedTo
tree,leaf,RelatedTo
tree,oak,RelatedTo
tree,wood,RelatedTo
tree,wood,RelatedTo
trough,ditch,RelatedTo
true,correct,RelatedTo
true,correct,RelatedTo
true,truth,RelatedTo
true,correct,RelatedTo
true,truth,RelatedTo
try,fat,RelatedTo
tuesday,wednesday,RelatedTo
turn,change,RelatedTo
turn,round,RelatedTo
turn,spin,RelatedTo
turn,twist,RelatedTo
turn,translate,RelatedTo
turtle,rabbit,RelatedTo
twice,two,RelatedTo
twist,bend,RelatedTo
twist,spin,RelatedTo
twist,bend,RelatedTo
twist,bend,RelatedTo
two,four,RelatedTo
uncle,brother,RelatedTo
uncle,brother,RelatedTo
understand,explain,RelatedTo
urine,bladder,RelatedTo
valley,river,RelatedTo
very,much,RelatedTo
village,country,RelatedTo
village,people,RelatedTo
vine,grape,RelatedTo
vine,plant,RelatedTo
vine,grape,RelatedTo
voice,language,RelatedTo
voice,mouth,RelatedTo
voice,noise,RelatedTo
voice,say,RelatedTo
voice,sing,RelatedTo
voice,speak,RelatedTo
voice,speech,RelatedTo
voice,throat,RelatedTo
voice,tone,RelatedTo
voice,speak,RelatedTo
voice,tone,RelatedTo
vulva,vagina,RelatedTo
waist,belt,RelatedTo
waist,body,RelatedTo
waist,hip,RelatedTo
waist,middle,RelatedTo
waist,stomach,RelatedTo
waist,body,RelatedTo
waist,stomach,RelatedTo
walk,crawl,RelatedTo
walk,go,RelatedTo
walk,leg,RelatedTo
walk,move,RelatedTo
walk,road,RelatedTo
walk,run,RelatedTo
walk,step,RelatedTo
walk,move,RelatedTo
walk,traverse,RelatedTo
wall,fence,RelatedTo
want,desire,RelatedTo
want,need,RelatedTo
want,desire,RelatedTo
want,longing,RelatedTo
want,desire,RelatedTo
warm,heat,RelatedTo
wash,clean,RelatedTo
wash,dog,RelatedTo
wash,rinse,RelatedTo
wash,wipe,RelatedTo
wash,clean,RelatedTo
wash,rinse,RelatedTo
watch,notice,RelatedTo
water,beverage,RelatedTo
water,drink,RelatedTo
water,lake,RelatedTo
water,river,RelatedTo
water,sea,RelatedTo
water,two,RelatedTo
water,lake,RelatedTo
water,river,RelatedTo
water,sea,RelatedTo
water,urine,RelatedTo
water,drink,RelatedTo
wave,current,RelatedTo
weather,air,RelatedTo
weather,storm,RelatedTo
weather,storm,RelatedTo
weave,sew,RelatedTo
weave,twist,RelatedTo
wednesday,thursday,RelatedTo
week,friday,RelatedTo
week,saturday,RelatedTo
week,seven,RelatedTo
week,sunday,RelatedTo
week,seven,RelatedTo
week,sunday,RelatedTo
weigh,heavy,RelatedTo
weigh,measure,RelatedTo
weigh,heavy,RelatedTo
weigh,measure,RelatedTo
weigh,press,RelatedTo
west,set,RelatedTo
wet,water,RelatedTo
what,when,RelatedTo
what,where,RelatedTo
what,which,RelatedTo
what,who,RelatedTo
what,why,RelatedTo
wheat,flour,RelatedTo
wheat,white,RelatedTo
wheat,flour,RelatedTo
where,which,RelatedTo
where,whither,RelatedTo
where,who,RelatedTo
which,who,RelatedTo
whisper,speak,RelatedTo
white,light,RelatedTo
white,light,RelatedTo
wide,broad,RelatedTo
wide,thick,RelatedTo
wide,far,RelatedTo
widower,widow,RelatedTo
wife,female,RelatedTo
wife,woman,RelatedTo
wife,female,RelatedTo
wife,marry,RelatedTo
wife,woman,RelatedTo
wind,air,RelatedTo
wind,cold,RelatedTo
wind,storm,RelatedTo
wind,weather,RelatedTo
wind,air,RelatedTo
wind,storm,RelatedTo
wind,breathe,RelatedTo
window,glass,RelatedTo
wine,alcohol,RelatedTo
wine,beer,RelatedTo
wine,beverage,RelatedTo
wine,grape,RelatedTo
wine,liquor,RelatedTo
wine,beverage,RelatedTo
wine,grape,RelatedTo
wing,arm,RelatedTo
wing,arm,RelatedTo
wing,fin,RelatedTo
winter,autumn,RelatedTo
winter,summer,RelatedTo
wise,manner,RelatedTo
wise,manner,RelatedTo
wolf,animal,RelatedTo
wolf,fox,RelatedTo
woman,female,RelatedTo
woman,female,RelatedTo
wool,cotton,RelatedTo
wool,fur,RelatedTo
wool,hair,RelatedTo
wool,sheep,RelatedTo
wool,hair,RelatedTo
wool,sheep,RelatedTo
word,paper,RelatedTo
word,conversation,RelatedTo
word,message,RelatedTo
word,news,RelatedTo
work,business,RelatedTo
work,do,RelatedTo
work,make,RelatedTo
worm,caterpillar,RelatedTo
worm,snake,RelatedTo
worm,caterpillar,RelatedTo
worm,earthworm,RelatedTo
worm,snail,RelatedTo
worm,snake,RelatedTo
wound,bruise,RelatedTo
wound,cut,RelatedTo
wound,damage,RelatedTo
wound,scar,RelatedTo
wound,cut,RelatedTo
wrist,arm,RelatedTo
wrist,hand,RelatedTo
write,make,RelatedTo
wrong,evil,RelatedTo
wrong,evil,RelatedTo
yam,potato,RelatedTo
yam,taro,RelatedTo
yard,garden,RelatedTo
yard,house,RelatedTo
year,day,RelatedTo
year,day,RelatedTo
yellow,banana,RelatedTo
yellow,blue,RelatedTo
yellow,gold,RelatedTo
yellow,green,RelatedTo
yellow,white,RelatedTo
yoke,horse,RelatedTo
yoke,pair,RelatedTo
yolk,egg,RelatedTo
yolk,yellow,RelatedTo
yolk,egg,RelatedTo
yolk,yellow,RelatedTo
zero,nothing,RelatedTo
zero,nothing,RelatedTo
and,not,SimilarTo
and,or,SimilarTo
bad,evil,SimilarTo
bad,severe,SimilarTo
bag,sack,SimilarTo
big,heavy,SimilarTo
big,loud,SimilarTo
boar,sow,SimilarTo
bright,light,SimilarTo
church,mosque,SimilarTo
clean,pure,SimilarTo
clever,smart,SimilarTo
coconut,banana,SimilarTo
cut,split,SimilarTo
darkness,dark,SimilarTo
different,other,SimilarTo
dry,thirsty,SimilarTo
faithful,true,SimilarTo
female,female,SimilarTo
female,female,SimilarTo
finish,end,SimilarTo
five,six,SimilarTo
good,white,SimilarTo
hard,solid,SimilarTo
he,she,SimilarTo
hot,warm,SimilarTo
house,home,SimilarTo
light,bright,SimilarTo
light,white,SimilarTo
long,far,SimilarTo
long,tall,SimilarTo
look,watch,SimilarTo
low,deep,SimilarTo
male,male,SimilarTo
male,male,SimilarTo
man,boy,SimilarTo
mare,foal,SimilarTo
meal,flour,SimilarTo
mouse,rat,SimilarTo
new,fresh,SimilarTo
new,young,SimilarTo
nine,ten,SimilarTo
now,immediately,SimilarTo
ready,ripe,SimilarTo
salty,brackish,SimilarTo
shovel,spade,SimilarTo
sickle,scythe,SimilarTo
sister,brother,SimilarTo
slow,lazy,SimilarTo
smooth,easy,SimilarTo
soft,gentle,SimilarTo
stinking,bad,SimilarTo
stone,rock,SimilarTo
straight,correct,SimilarTo
table,chair,SimilarTo
thick,deep,SimilarTo
thick,fat,SimilarTo
thick,heavy,SimilarTo
toe,finger,SimilarTo
wet,watery,SimilarTo
where,there,SimilarTo
white,light,SimilarTo
accuse,blame,Synonym
adjudicate,judge,Synonym
after,next,Synonym
arm,sleeve,Synonym
arm,branch,Synonym
baby,child,Synonym
bad,rotten,Synonym
bad,severe,Synonym
bad,wrong,Synonym
bag,sack,Synonym
bead,grain,Synonym
begin,start,Synonym
begin,start,Synonym
believe,think,Synonym
belt,strap,Synonym
bend,fold,Synonym
big,heavy,Synonym
bite,sting,Synonym
bite,sting,Synonym
bite,sting,Synonym
bite,sting,Synonym
blow,boast,Synonym
blunt,stupid,Synonym
board,table,Synonym
board,post,Synonym
boat,ship,Synonym
boil,boil,Synonym
boundary,border,Synonym
bow,arch,Synonym
branch,twig,Synonym
break,split,Synonym
break,break,Synonym
breast,heart,Synonym
breath,life,Synonym
bright,clear,Synonym
bright,light,Synonym
bring,fetch,Synonym
bull,male,Synonym
burn,burn,Synonym
burn,burn,Synonym
burn,bake,Synonym
burn,cook,Synonym
burn,fire,Synonym
burn,light,Synonym
burn,roast,Synonym
burn,bite,Synonym
burning,burn,Synonym
carry,hold,Synonym
carry,hold,Synonym
cast,mold,Synonym
cattle,bovine,Synonym
cause,because,Synonym
cave,hole,Synonym
cease,end,Synonym
chest,breast,Synonym
chest,breast,Synonym
chest,breast,Synonym
circle,ring,Synonym
clean,clean,Synonym
clever,cunning,Synonym
come,arrive,Synonym
conceive,think,Synonym
condemn,convict,Synonym
corpse,carcass,Synonym
country,land,Synonym
country,land,Synonym
country,land,Synonym
country,land,Synonym
country,land,Synonym
country,land,Synonym
country,land,Synonym
country,land,Synonym
country,land,Synonym
country,state,Synonym
country,area,Synonym
cover,embrace,Synonym
cry,shout,Synonym
damage,damage,Synonym
dark,obscure,Synonym
dark,night,Synonym
darkness,dark,Synonym
darkness,dark,Synonym
day,day,Synonym
destroy,break,Synonym
destroy,kill,Synonym
different,other,Synonym
disturb,bother,Synonym
disturb,stir,Synonym
divide,split,Synonym
do,cook,Synonym
do,make,Synonym
drink,beverage,Synonym
drink,beverage,Synonym
drip,drop,Synonym
drip,dribble,Synonym
drive,drive,Synonym
drive,move,Synonym
drop,dribble,Synonym
dry,thirsty,Synonym
earth,earth,Synonym
earth,land,Synonym
earth,clay,Synonym
earth,ground,Synonym
earth,world,Synonym
earth,ground,Synonym
earth,earth,Synonym
earth,earth,Synonym
earth,land,Synonym
earth,ground,Synonym
easy,light,Synonym
eat,feed,Synonym
edge,border,Synonym
edge,fringe,Synonym
edge,lip,Synonym
edge,boundary,Synonym
edge,border,Synonym
edge,border,Synonym
end,end,Synonym
eye,center,Synonym
face,forehead,Synonym
fall,drop,Synonym
fall,drop,Synonym
fall,drop,Synonym
famine,hunger,Synonym
fat,fat,Synonym
fault,mistake,Synonym
fault,blame,Synonym
fear,fear,Synonym
fear,fear,Synonym
feather,pen,Synonym
female,woman,Synonym
fight,battle,Synonym
finish,end,Synonym
fire,burn,Synonym
first,beginning,Synonym
first,beginning,Synonym
flame,fire,Synonym
flow,stream,Synonym
flow,stream,Synonym
flow,run,Synonym
flower,bloom,Synonym
flower,bloom,Synonym
flower,bloom,Synonym
flower,bloom,Synonym
fog,steam,Synonym
follow,pursue,Synonym
follow,pursue,Synonym
food,bread,Synonym
food,meat,Synonym
forbid,prevent,Synonym
forest,wood,Synonym
fowl,bird,Synonym
fowl,bird,Synonym
frost,freeze,Synonym
gap,space,Synonym
gap,space,Synonym
gather,meet,Synonym
get,catch,Synonym
get,beget,Synonym
get,catch,Synonym
get,catch,Synonym
get,catch,Synonym
get,catch,Synonym
ghost,spirit,Synonym
girl,daughter,Synonym
girl,daughter,Synonym
give,do,Synonym
give,feed,Synonym
give,sacrifice,Synonym
go,leave,Synonym
go,move,Synonym
go,move,Synonym
go,move,Synonym
go,move,Synonym
god,idol,Synonym
god,idol,Synonym
god,idol,Synonym
good,god,Synonym
good,god,Synonym
good,god,Synonym
good,dear,Synonym
good,right,Synonym
green,glass,Synonym
grief,regret,Synonym
ground,land,Synonym
ground,land,Synonym
ground,earth,Synonym
guess,think,Synonym
guest,host,Synonym
hair,hair,Synonym
hard,difficult,Synonym
hard,strong,Synonym
hard,difficult,Synonym
hard,strong,Synonym
harvest,autumn,Synonym
have,drink,Synonym
have,own,Synonym
have,get,Synonym
have,hold,Synonym
have,own,Synonym
he,she,Synonym
he,it,Synonym
head,cape,Synonym
head,point,Synonym
head,top,Synonym
head,boss,Synonym
head,chieftain,Synonym
head,summit,Synonym
head,top,Synonym
head,point,Synonym
hear,learn,Synonym
hear,listen,Synonym
heart,courage,Synonym
heart,spirit,Synonym
hen,chicken,Synonym
here,hither,Synonym
hide,hide,Synonym
high,tall,Synonym
hit,shoot,Synonym
hold,own,Synonym
hold,defend,Synonym
hold,keep,Synonym
hole,trap,Synonym
hook,fishhook,Synonym
hot,warm,Synonym
house,clan,Synonym
husband,man,Synonym
husband,man,Synonym
if,at,Synonym
insect,worm,Synonym
inside,in,Synonym
itch,rub,Synonym
join,connect,Synonym
join,meet,Synonym
join,connect,Synonym
keep,preserve,Synonym
keep,preserve,Synonym
kid,child,Synonym
knife,knife,Synonym
land,land,Synonym
land,land,Synonym
land,land,Synonym
land,land,Synonym
land,land,Synonym
land,land,Synonym
land,land,Synonym
land,land,Synonym
land,land,Synonym
land,land,Synonym
land,land,Synonym
language,tongue,Synonym
language,tongue,Synonym
last,end,Synonym
lead,lead,Synonym
lead,lead,Synonym
leaf,leaf,Synonym
leaf,leaf,Synonym
learn,study,Synonym
learn,teach,Synonym
lift,raise,Synonym
lift,raise,Synonym
lift,raise,Synonym
light,light,Synonym
light,hell,Synonym
light,bright,Synonym
like,desire,Synonym
line,thread,Synonym
line,rope,Synonym
long,deep,Synonym
look,notice,Synonym
look,seem,Synonym
look,watch,Synonym
loud,strong,Synonym
loud,hard,Synonym
loud,hard,Synonym
louse,worm,Synonym
low,short,Synonym
lunch,dinner,Synonym
make,produce,Synonym
male,male,Synonym
man,male,Synonym
meat,flesh,Synonym
melt,thaw,Synonym
mind,brain,Synonym
mind,head,Synonym
mind,idea,Synonym
mind,memory,Synonym
mind,reason,Synonym
mirror,glass,Synonym
mistake,miss,Synonym
moon,month,Synonym
morning,forenoon,Synonym
move,drive,Synonym
move,go,Synonym
move,touch,Synonym
move,walk,Synonym
move,budge,Synonym
move,stir,Synonym
move,turn,Synonym
move,stir,Synonym
move,go,Synonym
murder,kill,Synonym
murder,kill,Synonym
naked,raw,Synonym
nape,neck,Synonym
near,close,Synonym
near,close,Synonym
new,fresh,Synonym
new,fresh,Synonym
new,young,Synonym
night,evening,Synonym
notice,recognize,Synonym
now,no,Synonym
oil,petroleum,Synonym
oil,petroleum,Synonym
old,old,Synonym
only,alone,Synonym
open,open,Synonym
open,open,Synonym
open,open,Synonym
open,open,Synonym
open,open,Synonym
or,no,Synonym
other,foreign,Synonym
pain,ache,Synonym
pain,grief,Synonym
pain,punishment,Synonym
paint,color,Synonym
paper,newspaper,Synonym
paper,newspaper,Synonym
paper,newspaper,Synonym
part,piece,Synonym
part,piece,Synonym
peel,undress,Synonym
person,person,Synonym
person,person,Synonym
person,person,Synonym
person,person,Synonym
person,person,Synonym
person,person,Synonym
person,person,Synonym
piece,slice,Synonym
pig,piglet,Synonym
pig,bull,Synonym
piss,urine,Synonym
piss,urine,Synonym
pitchfork,fork,Synonym
pitchfork,fork,Synonym
place,space,Synonym
place,home,Synonym
place,put,Synonym
plant,plant,Synonym
plant,plant,Synonym
plant,plant,Synonym
plant,plant,Synonym
plough,plough,Synonym
poor,arm,Synonym
poor,arm,Synonym
pound,crush,Synonym
pound,beat,Synonym
pull,drag,Synonym
pull,drag,Synonym
push,press,Synonym
push,put,Synonym
push,press,Synonym
rain,rain,Synonym
rain,rain,Synonym
rescue,liberate,Synonym
rest,peace,Synonym
ride,drive,Synonym
ride,drive,Synonym
right,correct,Synonym
right,correct,Synonym
right,correct,Synonym
ring,ring,Synonym
ring,ring,Synonym
ring,ring,Synonym
ring,ring,Synonym
ring,ring,Synonym
ring,ring,Synonym
rise,lift,Synonym
rise,climb,Synonym
river,stream,Synonym
road,street,Synonym
rope,lasso,Synonym
rope,lasso,Synonym
rough,rough,Synonym
round,circle,Synonym
run,hurry,Synonym
run,play,Synonym
salty,salt,Synonym
saucer,dish,Synonym
say,order,Synonym
say,read,Synonym
scratch,scrape,Synonym
scratch,scrape,Synonym
sea,ocean,Synonym
second,other,Synonym
see,understand,Synonym
see,meet,Synonym
see,watch,Synonym
sell,betray,Synonym
separate,divide,Synonym
shade,ghost,Synonym
shallow,flat,Synonym
share,part,Synonym
shoot,fire,Synonym
shore,land,Synonym
shovel,spade,Synonym
shovel,spade,Synonym
side,face,Synonym
side,half,Synonym
sieve,sieve,Synonym
sink,bury,Synonym
sit,be,Synonym
skin,skin,Synonym
skin,hide,Synonym
skin,peel,Synonym
skin,skin,Synonym
skin,peel,Synonym
skin,skin,Synonym
skin,skin,Synonym
skin,bark,Synonym
skin,bark,Synonym
sky,heaven,Synonym
sleep,sleep,Synonym
soft,gentle,Synonym
soft,gentle,Synonym
soft,easy,Synonym
speak,talk,Synonym
spear,spear,Synonym
spear,spear,Synonym
speech,language,Synonym
spit,saliva,Synonym
stone,rock,Synonym
stone,rock,Synonym
stone,rock,Synonym
stove,oven,Synonym
strength,power,Synonym
string,thread,Synonym
suck,draw,Synonym
suspect,accuse,Synonym
sway,swing,Synonym
swear,curse,Synonym
swear,curse,Synonym
swear,curse,Synonym
sweep,brush,Synonym
sweet,fragrant,Synonym
take,catch,Synonym
take,catch,Synonym
take,get,Synonym
take,lead,Synonym
take,seize,Synonym
take,choose,Synonym
take,drive,Synonym
take,lead,Synonym
talk,conversation,Synonym
that,at,Synonym
that,at,Synonym
that,at,Synonym
there,thither,Synonym
there,thither,Synonym
they,he,Synonym
they,one,Synonym
they,one,Synonym
they,one,Synonym
thick,dense,Synonym
thick,dense,Synonym
thing,item,Synonym
thing,affair,Synonym
thing,business,Synonym
thing,clothes,Synonym
thing,item,Synonym
think,intend,Synonym
this,at,Synonym
thou,you,Synonym
throat,neck,Synonym
throw,give,Synonym
thunder,thunder,Synonym
tide,time,Synonym
tie,fasten,Synonym
tie,connect,Synonym
time,clock,Synonym
time,clock,Synonym
tree,tree,Synonym
tree,beam,Synonym
tree,tree,Synonym
true,sand,Synonym
true,truth,Synonym
true,truth,Synonym
turn,change,Synonym
turn,twist,Synonym
turn,twist,Synonym
twist,spin,Synonym
twist,braid,Synonym
twist,bend,Synonym
vulva,vagina,Synonym
walk,go,Synonym
walk,pinch,Synonym
walk,steal,Synonym
walk,step,Synonym
walk,steal,Synonym
want,desire,Synonym
want,need,Synonym
want,need,Synonym
want,like,Synonym
want,ask,Synonym
want,desire,Synonym
want,need,Synonym
want,do,Synonym
want,desire,Synonym
water,urine,Synonym
we,my,Synonym
we,we,Synonym
we,my,Synonym
we,my,Synonym
we,we,Synonym
weak,lame,Synonym
weigh,count,Synonym
what,which,Synonym
wheel,bicycle,Synonym
wheel,bicycle,Synonym
wind,air,Synonym
word,news,Synonym
work,make,Synonym
wrong,false,Synonym
yard,garden,Synonym
you,we,Synonym
zero,nothing,Synonym
bed,sleep,UsedFor
candle,light,UsedFor
candle,light,UsedFor
candle,light,UsedFor
cloth,clothes,UsedFor
clothes,dress,UsedFor
cloud,rain,UsedFor
cotton,thread,UsedFor
food,eat,UsedFor
hammer,pound,UsedFor
ice,cold,UsedFor
light,light,UsedFor
light,light,UsedFor
mill,flour,UsedFor
paint,painting,UsedFor
sky,rain,UsedFor
sky,sun,UsedFor
soldier,guard,UsedFor
soul,life,UsedFor
study,read,UsedFor
sun,light,UsedFor
tree,fruit,UsedFor
tree,wood,UsedFor
try,do,UsedFor
voice,shout,UsedFor
voice,sing,UsedFor
water,drink,UsedFor
wheat,flour,UsedFor
